0,0,0
0,1,0
0,2,1
0,3,1
0,4,0
0,5,0
0,6,1
0,7,0
0,8,0
0,9,0
1,0,0
1,1,0
1,2,1
1,3,1
1,4,1
1,5,1
1,6,0
1,7,1
1,8,0
1,9,0
2,0,0
2,1,0
2,2,1
2,3,0
2,4,0
2,5,0
2,6,0
2,7,0
2,8,1
2,9,0
3,0,0
3,1,1
3,2,1
3,3,1
3,4,1
3,5,0
3,6,1
3,7,1
3,8,1
3,9,0
4,0,0
4,1,0
4,2,1
4,3,1
4,4,0
4,5,0
4,6,1
4,7,1
4,8,1
4,9,0
5,0,0
5,1,1
5,2,1
5,3,1
5,4,1
5,5,0
5,6,1
5,7,0
5,8,1
5,9,0
6,0,0
6,1,0
6,2,1
6,3,0
6,4,0
6,5,0
6,6,0
6,7,0
6,8,1
6,9,0
7,0,0
7,1,0
7,2,1
7,3,1
7,4,1
7,5,0
7,6,0
7,7,0
7,8,0
7,9,0
8,0,0
8,1,1
8,2,0
8,3,1
8,4,0
8,5,0
8,6,0
8,7,1
8,8,1
8,9,0
9,0,0
9,1,0
9,2,1
9,3,0
9,4,1
9,5,0
9,6,0
9,7,0
9,8,0
9,9,0
10,0,0
10,1,0
10,2,1
10,3,1
10,4,0
10,5,1
10,6,0
10,7,1
10,8,0
10,9,1
11,0,0
11,1,1
11,2,1
11,3,0
11,4,1
11,5,0
11,6,0
11,7,1
11,8,1
11,9,0
12,0,0
12,1,0
12,2,1
12,3,0
12,4,1
12,5,0
12,6,1
12,7,1
12,8,1
12,9,0
13,0,0
13,1,0
13,2,1
13,3,0
13,4,0
13,5,0
13,6,0
13,7,1
13,8,0
13,9,0
14,0,0
14,1,0
14,2,1
14,3,0
14,4,1
14,5,0
14,6,1
14,7,1
14,8,0
14,9,0
15,0,0
15,1,0
15,2,1
15,3,0
15,4,0
15,5,0
15,6,1
15,7,1
15,8,1
15,9,0
16,0,0
16,1,0
16,2,1
16,3,0
16,4,1
16,5,1
16,6,1
16,7,1
16,8,1
16,9,0
17,0,0
17,1,0
17,2,1
17,3,1
17,4,0
17,5,1
17,6,1
17,7,0
17,8,1
17,9,0
18,0,0
18,1,0
18,2,1
18,3,1
18,4,0
18,5,0
18,6,0
18,7,1
18,8,0
18,9,0
19,0,0
19,1,0
19,2,1
19,3,0
19,4,1
19,5,1
19,6,0
19,7,1
19,8,0
19,9,0
20,0,0
20,1,0
20,2,1
20,3,0
20,4,1
20,5,0
20,6,0
20,7,0
20,8,1
20,9,0
21,0,0
21,1,1
21,2,1
21,3,0
21,4,0
21,5,0
21,6,0
21,7,1
21,8,0
21,9,0
22,0,0
22,1,1
22,2,1
22,3,1
22,4,0
22,5,0
22,6,0
22,7,1
22,8,1
22,9,0
23,0,0
23,1,0
23,2,0
23,3,1
23,4,1
23,5,0
23,6,0
23,7,1
23,8,1
23,9,0
24,0,0
24,1,1
24,2,1
24,3,0
24,4,0
24,5,0
24,6,0
24,7,1
24,8,1
24,9,0
25,0,0
25,1,0
25,2,1
25,3,1
25,4,1
25,5,0
25,6,0
25,7,1
25,8,1
25,9,0
26,0,0
26,1,0
26,2,1
26,3,0
26,4,1
26,5,0
26,6,0
26,7,1
26,8,1
26,9,0
27,0,0
27,1,1
27,2,1
27,3,1
27,4,1
27,5,0
27,6,1
27,7,1
27,8,0
27,9,0
28,0,0
28,1,1
28,2,1
28,3,0
28,4,0
28,5,1
28,6,0
28,7,0
28,8,1
28,9,0
29,0,0
29,1,0
29,2,1
29,3,1
29,4,1
29,5,0
29,6,0
29,7,1
29,8,0
29,9,0
30,0,0
30,1,1
30,2,1
30,3,0
30,4,0
30,5,0
30,6,0
30,7,0
30,8,0
30,9,0
31,0,0
31,1,0
31,2,0
31,3,0
31,4,1
31,5,0
31,6,0
31,7,1
31,8,1
31,9,0
32,0,0
32,1,0
32,2,1
32,3,1
32,4,1
32,5,0
32,6,0
32,7,0
32,8,0
32,9,1
33,0,0
33,1,0
33,2,1
33,3,0
33,4,1
33,5,1
33,6,1
33,7,1
33,8,1
33,9,0
34,0,0
34,1,0
34,2,1
34,3,0
34,4,1
34,5,0
34,6,1
34,7,1
34,8,1
34,9,0
35,0,1
35,1,0
35,2,1
35,3,0
35,4,1
35,5,0
35,6,1
35,7,1
35,8,1
35,9,0
36,0,0
36,1,0
36,2,0
36,3,0
36,4,1
36,5,0
36,6,1
36,7,0
36,8,0
36,9,0
37,0,0
37,1,0
37,2,1
37,3,0
37,4,0
37,5,1
37,6,0
37,7,1
37,8,0
37,9,0
38,0,0
38,1,0
38,2,1
38,3,0
38,4,0
38,5,0
38,6,1
38,7,0
38,8,1
38,9,0
39,0,0
39,1,0
39,2,1
39,3,0
39,4,0
39,5,0
39,6,0
39,7,0
39,8,1
39,9,0
40,0,0
40,1,0
40,2,1
40,3,0
40,4,0
40,5,0
40,6,0
40,7,1
40,8,1
40,9,0
41,0,0
41,1,0
41,2,1
41,3,1
41,4,0
41,5,0
41,6,1
41,7,1
41,8,0
41,9,0
42,0,0
42,1,0
42,2,1
42,3,0
42,4,1
42,5,1
42,6,0
42,7,1
42,8,1
42,9,0
43,0,0
43,1,1
43,2,1
43,3,1
43,4,1
43,5,0
43,6,0
43,7,1
43,8,1
43,9,0
44,0,0
44,1,0
44,2,1
44,3,1
44,4,0
44,5,1
44,6,0
44,7,1
44,8,0
44,9,0
45,0,0
45,1,0
45,2,1
45,3,0
45,4,1
45,5,0
45,6,0
45,7,0
45,8,1
45,9,0
46,0,1
46,1,0
46,2,1
46,3,0
46,4,1
46,5,0
46,6,1
46,7,1
46,8,1
46,9,0
47,0,0
47,1,0
47,2,1
47,3,1
47,4,1
47,5,0
47,6,0
47,7,1
47,8,0
47,9,0
48,0,0
48,1,0
48,2,1
48,3,1
48,4,0
48,5,1
48,6,0
48,7,1
48,8,0
48,9,0
49,0,0
49,1,1
49,2,1
49,3,1
49,4,1
49,5,0
49,6,1
49,7,1
49,8,1
49,9,1
50,0,1
50,1,0
50,2,1
50,3,0
50,4,1
50,5,0
50,6,0
50,7,1
50,8,1
50,9,0
51,0,0
51,1,0
51,2,0
51,3,0
51,4,1
51,5,0
51,6,0
51,7,1
51,8,0
51,9,0
52,0,0
52,1,0
52,2,1
52,3,1
52,4,1
52,5,1
52,6,0
52,7,1
52,8,1
52,9,0
53,0,0
53,1,1
53,2,1
53,3,1
53,4,1
53,5,1
53,6,0
53,7,1
53,8,1
53,9,1
54,0,0
54,1,0
54,2,1
54,3,1
54,4,0
54,5,0
54,6,1
54,7,1
54,8,1
54,9,1
55,0,0
55,1,0
55,2,1
55,3,1
55,4,0
55,5,0
55,6,0
55,7,1
55,8,0
55,9,0
56,0,0
56,1,1
56,2,1
56,3,1
56,4,0
56,5,0
56,6,1
56,7,1
56,8,0
56,9,0
57,0,0
57,1,0
57,2,1
57,3,0
57,4,1
57,5,0
57,6,0
57,7,0
57,8,0
57,9,0
58,0,0
58,1,1
58,2,1
58,3,0
58,4,1
58,5,0
58,6,0
58,7,0
58,8,0
58,9,0
59,0,0
59,1,1
59,2,1
59,3,0
59,4,0
59,5,0
59,6,0
59,7,1
59,8,1
59,9,0
60,0,0
60,1,0
60,2,1
60,3,1
60,4,1
60,5,0
60,6,1
60,7,1
60,8,1
60,9,0
61,0,0
61,1,0
61,2,1
61,3,0
61,4,1
61,5,0
61,6,0
61,7,1
61,8,0
61,9,0
62,0,0
62,1,0
62,2,1
62,3,1
62,4,0
62,5,0
62,6,1
62,7,1
62,8,1
62,9,0
63,0,0
63,1,0
63,2,1
63,3,0
63,4,0
63,5,0
63,6,0
63,7,1
63,8,0
63,9,0
64,0,0
64,1,0
64,2,0
64,3,0
64,4,0
64,5,0
64,6,0
64,7,1
64,8,1
64,9,0
65,0,0
65,1,0
65,2,1
65,3,0
65,4,0
65,5,0
65,6,1
65,7,0
65,8,0
65,9,0
66,0,1
66,1,1
66,2,1
66,3,1
66,4,0
66,5,0
66,6,1
66,7,1
66,8,1
66,9,0
67,0,0
67,1,1
67,2,1
67,3,1
67,4,0
67,5,0
67,6,1
67,7,1
67,8,0
67,9,0
68,0,0
68,1,0
68,2,1
68,3,1
68,4,0
68,5,1
68,6,1
68,7,1
68,8,0
68,9,0
69,0,1
69,1,1
69,2,1
69,3,0
69,4,1
69,5,1
69,6,1
69,7,1
69,8,1
69,9,0
70,0,0
70,1,0
70,2,1
70,3,0
70,4,1
70,5,1
70,6,1
70,7,0
70,8,1
70,9,0
71,0,0
71,1,0
71,2,0
71,3,0
71,4,0
71,5,0
71,6,0
71,7,1
71,8,1
71,9,0
72,0,0
72,1,1
72,2,1
72,3,0
72,4,0
72,5,0
72,6,1
72,7,1
72,8,1
72,9,0
73,0,0
73,1,0
73,2,1
73,3,1
73,4,1
73,5,0
73,6,1
73,7,1
73,8,1
73,9,0
74,0,0
74,1,1
74,2,1
74,3,1
74,4,1
74,5,0
74,6,1
74,7,0
74,8,1
74,9,0
75,0,0
75,1,0
75,2,0
75,3,1
75,4,1
75,5,0
75,6,1
75,7,0
75,8,1
75,9,0
76,0,0
76,1,0
76,2,1
76,3,0
76,4,0
76,5,0
76,6,0
76,7,1
76,8,1
76,9,0
77,0,0
77,1,1
77,2,1
77,3,0
77,4,0
77,5,0
77,6,1
77,7,0
77,8,1
77,9,0
78,0,0
78,1,0
78,2,1
78,3,0
78,4,1
78,5,0
78,6,0
78,7,0
78,8,1
78,9,0
79,0,0
79,1,1
79,2,1
79,3,0
79,4,0
79,5,0
79,6,0
79,7,1
79,8,1
79,9,0
80,0,0
80,1,0
80,2,1
80,3,0
80,4,1
80,5,0
80,6,0
80,7,0
80,8,0
80,9,0
81,0,1
81,1,0
81,2,1
81,3,1
81,4,1
81,5,0
81,6,1
81,7,1
81,8,1
81,9,0
82,0,0
82,1,0
82,2,1
82,3,1
82,4,0
82,5,0
82,6,0
82,7,1
82,8,1
82,9,0
83,0,0
83,1,1
83,2,1
83,3,0
83,4,0
83,5,0
83,6,0
83,7,0
83,8,0
83,9,0
84,0,0
84,1,1
84,2,1
84,3,1
84,4,1
84,5,0
84,6,1
84,7,0
84,8,0
84,9,0
85,0,0
85,1,0
85,2,1
85,3,1
85,4,1
85,5,1
85,6,0
85,7,1
85,8,1
85,9,0
86,0,0
86,1,0
86,2,0
86,3,0
86,4,1
86,5,0
86,6,1
86,7,1
86,8,0
86,9,0
87,0,0
87,1,0
87,2,1
87,3,0
87,4,1
87,5,0
87,6,0
87,7,1
87,8,1
87,9,0
88,0,0
88,1,1
88,2,1
88,3,1
88,4,1
88,5,0
88,6,0
88,7,0
88,8,0
88,9,0
89,0,0
89,1,1
89,2,1
89,3,1
89,4,0
89,5,0
89,6,1
89,7,0
89,8,0
89,9,0
90,0,0
90,1,1
90,2,1
90,3,0
90,4,1
90,5,1
90,6,0
90,7,1
90,8,1
90,9,0
91,0,0
91,1,0
91,2,1
91,3,1
91,4,1
91,5,0
91,6,0
91,7,0
91,8,1
91,9,0
92,0,0
92,1,1
92,2,1
92,3,0
92,4,1
92,5,0
92,6,1
92,7,0
92,8,1
92,9,0
93,0,0
93,1,0
93,2,1
93,3,1
93,4,1
93,5,0
93,6,0
93,7,1
93,8,0
93,9,0
94,0,0
94,1,0
94,2,1
94,3,0
94,4,1
94,5,0
94,6,1
94,7,1
94,8,1
94,9,0
95,0,0
95,1,1
95,2,1
95,3,1
95,4,1
95,5,1
95,6,0
95,7,0
95,8,1
95,9,0
96,0,0
96,1,1
96,2,1
96,3,0
96,4,1
96,5,0
96,6,0
96,7,1
96,8,0
96,9,0
97,0,0
97,1,0
97,2,1
97,3,0
97,4,1
97,5,0
97,6,1
97,7,1
97,8,1
97,9,0
98,0,0
98,1,0
98,2,1
98,3,1
98,4,1
98,5,1
98,6,0
98,7,1
98,8,1
98,9,0
99,0,0
99,1,0
99,2,1
99,3,0
99,4,0
99,5,0
99,6,1
99,7,0
99,8,1
99,9,0
100,0,0
100,1,0
100,2,0
100,3,1
100,4,1
100,5,1
100,6,0
100,7,1
100,8,0
100,9,0
101,0,0
101,1,0
101,2,1
101,3,1
101,4,0
101,5,0
101,6,1
101,7,0
101,8,1
101,9,1
102,0,0
102,1,0
102,2,1
102,3,1
102,4,1
102,5,0
102,6,0
102,7,0
102,8,0
102,9,0
103,0,0
103,1,0
103,2,1
103,3,1
103,4,1
103,5,0
103,6,0
103,7,1
103,8,1
103,9,0
104,0,0
104,1,0
104,2,1
104,3,0
104,4,1
104,5,0
104,6,1
104,7,1
104,8,1
104,9,1
105,0,0
105,1,0
105,2,1
105,3,1
105,4,1
105,5,0
105,6,0
105,7,1
105,8,1
105,9,0
106,0,0
106,1,0
106,2,1
106,3,1
106,4,0
106,5,0
106,6,1
106,7,0
106,8,0
106,9,0
107,0,0
107,1,0
107,2,1
107,3,1
107,4,0
107,5,0
107,6,0
107,7,1
107,8,1
107,9,0
108,0,0
108,1,0
108,2,1
108,3,0
108,4,1
108,5,0
108,6,1
108,7,0
108,8,0
108,9,0
109,0,0
109,1,0
109,2,1
109,3,1
109,4,0
109,5,1
109,6,1
109,7,1
109,8,1
109,9,0
110,0,0
110,1,0
110,2,1
110,3,1
110,4,0
110,5,0
110,6,0
110,7,0
110,8,1
110,9,0
111,0,0
111,1,0
111,2,1
111,3,1
111,4,1
111,5,0
111,6,1
111,7,0
111,8,1
111,9,0
112,0,0
112,1,0
112,2,1
112,3,0
112,4,0
112,5,1
112,6,0
112,7,0
112,8,1
112,9,0
113,0,0
113,1,0
113,2,1
113,3,1
113,4,1
113,5,1
113,6,0
113,7,1
113,8,0
113,9,0
114,0,1
114,1,0
114,2,1
114,3,0
114,4,0
114,5,0
114,6,0
114,7,0
114,8,1
114,9,0
115,0,0
115,1,0
115,2,1
115,3,1
115,4,1
115,5,0
115,6,1
115,7,1
115,8,0
115,9,0
116,0,0
116,1,0
116,2,1
116,3,1
116,4,0
116,5,0
116,6,0
116,7,1
116,8,0
116,9,0
117,0,0
117,1,0
117,2,1
117,3,1
117,4,1
117,5,0
117,6,1
117,7,1
117,8,1
117,9,0
118,0,0
118,1,0
118,2,0
118,3,1
118,4,0
118,5,0
118,6,1
118,7,0
118,8,1
118,9,1
119,0,0
119,1,0
119,2,1
119,3,0
119,4,1
119,5,0
119,6,0
119,7,0
119,8,1
119,9,0
120,0,0
120,1,1
120,2,1
120,3,1
120,4,1
120,5,0
120,6,0
120,7,1
120,8,1
120,9,0
121,0,0
121,1,1
121,2,1
121,3,0
121,4,0
121,5,0
121,6,0
121,7,0
121,8,0
121,9,0
122,0,0
122,1,0
122,2,1
122,3,1
122,4,0
122,5,0
122,6,1
122,7,1
122,8,1
122,9,0
123,0,0
123,1,0
123,2,1
123,3,1
123,4,0
123,5,0
123,6,0
123,7,1
123,8,1
123,9,0
124,0,0
124,1,1
124,2,1
124,3,1
124,4,1
124,5,0
124,6,1
124,7,1
124,8,0
124,9,0
125,0,0
125,1,0
125,2,1
125,3,0
125,4,1
125,5,0
125,6,0
125,7,1
125,8,0
125,9,0
126,0,0
126,1,0
126,2,1
126,3,1
126,4,0
126,5,1
126,6,0
126,7,0
126,8,1
126,9,1
127,0,0
127,1,1
127,2,1
127,3,1
127,4,1
127,5,0
127,6,0
127,7,1
127,8,0
127,9,0
128,0,0
128,1,1
128,2,1
128,3,1
128,4,0
128,5,0
128,6,0
128,7,0
128,8,1
128,9,0
129,0,1
129,1,1
129,2,1
129,3,1
129,4,0
129,5,1
129,6,1
129,7,1
129,8,1
129,9,0
130,0,0
130,1,0
130,2,1
130,3,0
130,4,1
130,5,1
130,6,0
130,7,1
130,8,0
130,9,0
131,0,0
131,1,1
131,2,0
131,3,0
131,4,0
131,5,0
131,6,0
131,7,1
131,8,1
131,9,0
132,0,0
132,1,0
132,2,1
132,3,0
132,4,0
132,5,1
132,6,0
132,7,1
132,8,1
132,9,0
133,0,1
133,1,0
133,2,1
133,3,1
133,4,1
133,5,1
133,6,0
133,7,1
133,8,1
133,9,0
134,0,0
134,1,0
134,2,1
134,3,1
134,4,1
134,5,0
134,6,0
134,7,1
134,8,0
134,9,0
135,0,0
135,1,0
135,2,0
135,3,0
135,4,1
135,5,0
135,6,1
135,7,0
135,8,1
135,9,0
136,0,0
136,1,0
136,2,1
136,3,1
136,4,1
136,5,1
136,6,1
136,7,1
136,8,1
136,9,0
137,0,0
137,1,1
137,2,1
137,3,1
137,4,1
137,5,0
137,6,0
137,7,1
137,8,1
137,9,0
138,0,0
138,1,1
138,2,0
138,3,0
138,4,1
138,5,0
138,6,0
138,7,1
138,8,1
138,9,0
139,0,0
139,1,0
139,2,0
139,3,0
139,4,1
139,5,0
139,6,0
139,7,0
139,8,1
139,9,0
140,0,0
140,1,1
140,2,1
140,3,1
140,4,1
140,5,0
140,6,0
140,7,1
140,8,0
140,9,0
141,0,0
141,1,0
141,2,1
141,3,1
141,4,1
141,5,0
141,6,0
141,7,0
141,8,0
141,9,0
142,0,1
142,1,0
142,2,1
142,3,1
142,4,1
142,5,0
142,6,1
142,7,0
142,8,0
142,9,0
143,0,0
143,1,0
143,2,1
143,3,1
143,4,1
143,5,0
143,6,1
143,7,1
143,8,1
143,9,0
144,0,0
144,1,0
144,2,1
144,3,0
144,4,1
144,5,0
144,6,1
144,7,0
144,8,0
144,9,0
145,0,0
145,1,0
145,2,1
145,3,1
145,4,1
145,5,1
145,6,0
145,7,0
145,8,1
145,9,0
146,0,0
146,1,0
146,2,1
146,3,0
146,4,0
146,5,1
146,6,1
146,7,1
146,8,1
146,9,0
147,0,0
147,1,0
147,2,1
147,3,1
147,4,0
147,5,0
147,6,1
147,7,0
147,8,0
147,9,0
148,0,0
148,1,1
148,2,1
148,3,1
148,4,1
148,5,0
148,6,0
148,7,0
148,8,0
148,9,0
149,0,0
149,1,1
149,2,1
149,3,1
149,4,1
149,5,1
149,6,1
149,7,0
149,8,0
149,9,0
150,0,0
150,1,1
150,2,1
150,3,1
150,4,0
150,5,1
150,6,0
150,7,1
150,8,1
150,9,0
151,0,0
151,1,1
151,2,0
151,3,0
151,4,1
151,5,1
151,6,0
151,7,0
151,8,0
151,9,0
152,0,0
152,1,0
152,2,1
152,3,0
152,4,0
152,5,0
152,6,1
152,7,1
152,8,1
152,9,0
153,0,0
153,1,0
153,2,1
153,3,0
153,4,1
153,5,0
153,6,1
153,7,1
153,8,0
153,9,0
154,0,0
154,1,0
154,2,1
154,3,1
154,4,1
154,5,0
154,6,0
154,7,1
154,8,1
154,9,0
155,0,0
155,1,0
155,2,1
155,3,0
155,4,0
155,5,0
155,6,1
155,7,1
155,8,0
155,9,1
156,0,0
156,1,0
156,2,1
156,3,0
156,4,1
156,5,0
156,6,1
156,7,0
156,8,1
156,9,0
157,0,0
157,1,1
157,2,1
157,3,1
157,4,1
157,5,0
157,6,1
157,7,0
157,8,0
157,9,0
158,0,0
158,1,0
158,2,1
158,3,0
158,4,1
158,5,0
158,6,0
158,7,0
158,8,1
158,9,0
159,0,0
159,1,0
159,2,1
159,3,0
159,4,1
159,5,1
159,6,0
159,7,1
159,8,1
159,9,0
160,0,0
160,1,0
160,2,1
160,3,0
160,4,0
160,5,0
160,6,0
160,7,1
160,8,1
160,9,0
161,0,0
161,1,0
161,2,1
161,3,0
161,4,0
161,5,0
161,6,0
161,7,1
161,8,1
161,9,0
162,0,0
162,1,0
162,2,1
162,3,0
162,4,0
162,5,1
162,6,0
162,7,1
162,8,1
162,9,0
163,0,0
163,1,0
163,2,1
163,3,0
163,4,0
163,5,0
163,6,1
163,7,0
163,8,0
163,9,0
164,0,0
164,1,0
164,2,1
164,3,0
164,4,1
164,5,0
164,6,0
164,7,1
164,8,0
164,9,0
165,0,0
165,1,0
165,2,1
165,3,0
165,4,0
165,5,1
165,6,0
165,7,0
165,8,1
165,9,0
166,0,0
166,1,0
166,2,1
166,3,1
166,4,0
166,5,0
166,6,1
166,7,0
166,8,1
166,9,0
167,0,0
167,1,0
167,2,1
167,3,1
167,4,0
167,5,0
167,6,1
167,7,1
167,8,0
167,9,0
168,0,0
168,1,1
168,2,0
168,3,1
168,4,0
168,5,1
168,6,1
168,7,1
168,8,0
168,9,0
169,0,0
169,1,0
169,2,1
169,3,1
169,4,1
169,5,0
169,6,0
169,7,1
169,8,0
169,9,0
170,0,0
170,1,0
170,2,1
170,3,0
170,4,1
170,5,0
170,6,1
170,7,1
170,8,1
170,9,1
171,0,0
171,1,0
171,2,1
171,3,0
171,4,1
171,5,0
171,6,1
171,7,1
171,8,0
171,9,0
172,0,0
172,1,0
172,2,1
172,3,0
172,4,1
172,5,1
172,6,1
172,7,1
172,8,1
172,9,1
173,0,0
173,1,1
173,2,1
173,3,1
173,4,0
173,5,0
173,6,0
173,7,1
173,8,0
173,9,0
174,0,0
174,1,0
174,2,1
174,3,1
174,4,1
174,5,1
174,6,1
174,7,1
174,8,0
174,9,1
175,0,0
175,1,1
175,2,1
175,3,0
175,4,1
175,5,0
175,6,1
175,7,1
175,8,0
175,9,0
176,0,0
176,1,0
176,2,1
176,3,1
176,4,1
176,5,1
176,6,1
176,7,1
176,8,0
176,9,0
177,0,0
177,1,0
177,2,1
177,3,0
177,4,1
177,5,0
177,6,1
177,7,0
177,8,0
177,9,0
178,0,0
178,1,0
178,2,1
178,3,0
178,4,1
178,5,0
178,6,1
178,7,1
178,8,1
178,9,0
179,0,0
179,1,0
179,2,1
179,3,0
179,4,1
179,5,0
179,6,1
179,7,1
179,8,1
179,9,0
180,0,0
180,1,0
180,2,1
180,3,1
180,4,0
180,5,1
180,6,1
180,7,1
180,8,0
180,9,0
181,0,0
181,1,0
181,2,1
181,3,1
181,4,0
181,5,0
181,6,0
181,7,0
181,8,0
181,9,0
182,0,0
182,1,1
182,2,1
182,3,1
182,4,1
182,5,0
182,6,1
182,7,1
182,8,1
182,9,0
183,0,0
183,1,1
183,2,1
183,3,1
183,4,0
183,5,0
183,6,0
183,7,1
183,8,1
183,9,0
184,0,0
184,1,0
184,2,1
184,3,1
184,4,0
184,5,0
184,6,0
184,7,0
184,8,0
184,9,0
185,0,0
185,1,1
185,2,1
185,3,1
185,4,1
185,5,1
185,6,1
185,7,1
185,8,0
185,9,0
186,0,0
186,1,1
186,2,1
186,3,1
186,4,0
186,5,0
186,6,1
186,7,1
186,8,0
186,9,0
187,0,0
187,1,1
187,2,0
187,3,1
187,4,1
187,5,1
187,6,0
187,7,1
187,8,1
187,9,0
188,0,0
188,1,0
188,2,1
188,3,1
188,4,0
188,5,0
188,6,0
188,7,1
188,8,1
188,9,0
189,0,0
189,1,0
189,2,1
189,3,1
189,4,1
189,5,0
189,6,0
189,7,1
189,8,0
189,9,0
190,0,0
190,1,0
190,2,1
190,3,1
190,4,0
190,5,0
190,6,1
190,7,1
190,8,0
190,9,0
191,0,0
191,1,1
191,2,1
191,3,1
191,4,1
191,5,0
191,6,0
191,7,0
191,8,1
191,9,0
192,0,0
192,1,0
192,2,1
192,3,1
192,4,1
192,5,0
192,6,1
192,7,0
192,8,1
192,9,0
193,0,0
193,1,0
193,2,1
193,3,1
193,4,0
193,5,1
193,6,0
193,7,1
193,8,1
193,9,0
194,0,0
194,1,0
194,2,1
194,3,1
194,4,0
194,5,0
194,6,0
194,7,0
194,8,1
194,9,0
195,0,0
195,1,0
195,2,0
195,3,0
195,4,0
195,5,0
195,6,1
195,7,1
195,8,1
195,9,0
196,0,0
196,1,0
196,2,1
196,3,0
196,4,1
196,5,0
196,6,0
196,7,1
196,8,0
196,9,0
197,0,0
197,1,1
197,2,1
197,3,1
197,4,1
197,5,0
197,6,0
197,7,1
197,8,1
197,9,0
198,0,0
198,1,0
198,2,0
198,3,1
198,4,1
198,5,0
198,6,1
198,7,1
198,8,1
198,9,0
199,0,0
199,1,0
199,2,1
199,3,1
199,4,0
199,5,0
199,6,1
199,7,1
199,8,1
199,9,0
200,0,0
200,1,0
200,2,1
200,3,0
200,4,1
200,5,1
200,6,1
200,7,0
200,8,1
200,9,0
201,0,0
201,1,1
201,2,1
201,3,0
201,4,1
201,5,0
201,6,0
201,7,1
201,8,0
201,9,0
202,0,0
202,1,0
202,2,1
202,3,1
202,4,1
202,5,1
202,6,1
202,7,1
202,8,1
202,9,0
203,0,0
203,1,1
203,2,1
203,3,0
203,4,0
203,5,0
203,6,1
203,7,1
203,8,1
203,9,0
204,0,0
204,1,0
204,2,1
204,3,1
204,4,1
204,5,0
204,6,1
204,7,0
204,8,0
204,9,0
205,0,0
205,1,1
205,2,1
205,3,0
205,4,0
205,5,0
205,6,0
205,7,1
205,8,0
205,9,0
206,0,0
206,1,1
206,2,1
206,3,1
206,4,0
206,5,0
206,6,1
206,7,0
206,8,1
206,9,0
207,0,0
207,1,1
207,2,1
207,3,0
207,4,0
207,5,0
207,6,0
207,7,1
207,8,1
207,9,1
208,0,0
208,1,0
208,2,1
208,3,0
208,4,0
208,5,1
208,6,1
208,7,1
208,8,1
208,9,0
209,0,0
209,1,0
209,2,1
209,3,1
209,4,1
209,5,0
209,6,0
209,7,1
209,8,1
209,9,0
210,0,0
210,1,0
210,2,1
210,3,1
210,4,1
210,5,0
210,6,1
210,7,1
210,8,0
210,9,0
211,0,0
211,1,0
211,2,1
211,3,0
211,4,0
211,5,0
211,6,0
211,7,1
211,8,0
211,9,0
212,0,0
212,1,0
212,2,1
212,3,0
212,4,1
212,5,1
212,6,1
212,7,1
212,8,1
212,9,0
213,0,0
213,1,1
213,2,1
213,3,1
213,4,0
213,5,1
213,6,0
213,7,1
213,8,0
213,9,1
214,0,1
214,1,0
214,2,0
214,3,1
214,4,1
214,5,0
214,6,1
214,7,1
214,8,1
214,9,0
215,0,0
215,1,0
215,2,1
215,3,1
215,4,0
215,5,0
215,6,1
215,7,0
215,8,1
215,9,0
216,0,1
216,1,1
216,2,1
216,3,0
216,4,1
216,5,0
216,6,0
216,7,1
216,8,0
216,9,1
217,0,0
217,1,0
217,2,1
217,3,0
217,4,1
217,5,0
217,6,1
217,7,1
217,8,1
217,9,0
218,0,0
218,1,0
218,2,1
218,3,0
218,4,0
218,5,0
218,6,0
218,7,1
218,8,1
218,9,0
219,0,0
219,1,0
219,2,1
219,3,1
219,4,1
219,5,0
219,6,0
219,7,1
219,8,1
219,9,0
220,0,0
220,1,0
220,2,1
220,3,0
220,4,1
220,5,0
220,6,1
220,7,1
220,8,1
220,9,0
221,0,0
221,1,0
221,2,1
221,3,1
221,4,1
221,5,0
221,6,0
221,7,1
221,8,0
221,9,0
222,0,0
222,1,1
222,2,0
222,3,0
222,4,0
222,5,1
222,6,1
222,7,0
222,8,1
222,9,0
223,0,0
223,1,0
223,2,1
223,3,1
223,4,1
223,5,0
223,6,1
223,7,1
223,8,1
223,9,0
224,0,0
224,1,0
224,2,0
224,3,1
224,4,1
224,5,0
224,6,1
224,7,0
224,8,0
224,9,1
225,0,0
225,1,1
225,2,1
225,3,1
225,4,0
225,5,0
225,6,1
225,7,1
225,8,0
225,9,0
226,0,0
226,1,0
226,2,0
226,3,0
226,4,1
226,5,0
226,6,0
226,7,1
226,8,0
226,9,0
227,0,0
227,1,0
227,2,1
227,3,1
227,4,0
227,5,0
227,6,0
227,7,0
227,8,1
227,9,0
228,0,0
228,1,0
228,2,1
228,3,0
228,4,0
228,5,0
228,6,0
228,7,0
228,8,1
228,9,0
229,0,0
229,1,1
229,2,1
229,3,0
229,4,1
229,5,0
229,6,1
229,7,1
229,8,0
229,9,0
230,0,0
230,1,0
230,2,1
230,3,1
230,4,1
230,5,0
230,6,1
230,7,1
230,8,1
230,9,0
231,0,0
231,1,0
231,2,1
231,3,1
231,4,0
231,5,0
231,6,1
231,7,0
231,8,0
231,9,0
232,0,0
232,1,1
232,2,1
232,3,1
232,4,0
232,5,0
232,6,0
232,7,1
232,8,1
232,9,0
233,0,0
233,1,0
233,2,1
233,3,0
233,4,0
233,5,1
233,6,1
233,7,0
233,8,0
233,9,0
234,0,0
234,1,0
234,2,1
234,3,1
234,4,1
234,5,0
234,6,1
234,7,0
234,8,0
234,9,0
235,0,0
235,1,0
235,2,1
235,3,1
235,4,1
235,5,0
235,6,0
235,7,0
235,8,1
235,9,0
236,0,0
236,1,0
236,2,1
236,3,1
236,4,1
236,5,1
236,6,1
236,7,0
236,8,1
236,9,0
237,0,0
237,1,0
237,2,1
237,3,0
237,4,1
237,5,0
237,6,1
237,7,1
237,8,1
237,9,0
238,0,0
238,1,0
238,2,1
238,3,1
238,4,1
238,5,0
238,6,1
238,7,1
238,8,1
238,9,0
239,0,0
239,1,0
239,2,1
239,3,1
239,4,0
239,5,0
239,6,1
239,7,0
239,8,1
239,9,0
240,0,0
240,1,0
240,2,1
240,3,1
240,4,1
240,5,0
240,6,1
240,7,0
240,8,1
240,9,0
241,0,0
241,1,1
241,2,1
241,3,0
241,4,0
241,5,0
241,6,1
241,7,1
241,8,1
241,9,0
242,0,0
242,1,0
242,2,1
242,3,0
242,4,0
242,5,0
242,6,0
242,7,1
242,8,0
242,9,0
243,0,0
243,1,0
243,2,1
243,3,0
243,4,1
243,5,1
243,6,0
243,7,1
243,8,0
243,9,0
244,0,0
244,1,1
244,2,1
244,3,1
244,4,0
244,5,0
244,6,0
244,7,1
244,8,0
244,9,0
245,0,0
245,1,0
245,2,0
245,3,0
245,4,1
245,5,0
245,6,1
245,7,1
245,8,1
245,9,0
246,0,1
246,1,0
246,2,1
246,3,1
246,4,0
246,5,0
246,6,1
246,7,0
246,8,1
246,9,0
247,0,0
247,1,0
247,2,1
247,3,1
247,4,1
247,5,0
247,6,0
247,7,1
247,8,0
247,9,0
248,0,0
248,1,0
248,2,1
248,3,1
248,4,1
248,5,1
248,6,1
248,7,1
248,8,1
248,9,0
249,0,0
249,1,1
249,2,1
249,3,0
249,4,1
249,5,0
249,6,1
249,7,1
249,8,1
249,9,0
250,0,0
250,1,0
250,2,1
250,3,1
250,4,0
250,5,1
250,6,1
250,7,0
250,8,1
250,9,0
251,0,0
251,1,0
251,2,1
251,3,1
251,4,0
251,5,0
251,6,0
251,7,1
251,8,0
251,9,0
252,0,0
252,1,0
252,2,1
252,3,0
252,4,1
252,5,1
252,6,0
252,7,0
252,8,0
252,9,1
253,0,0
253,1,1
253,2,1
253,3,0
253,4,1
253,5,0
253,6,0
253,7,1
253,8,1
253,9,0
254,0,0
254,1,0
254,2,1
254,3,0
254,4,0
254,5,0
254,6,1
254,7,1
254,8,1
254,9,0
255,0,0
255,1,0
255,2,1
255,3,0
255,4,0
255,5,0
255,6,1
255,7,1
255,8,1
255,9,0
256,0,0
256,1,1
256,2,1
256,3,0
256,4,1
256,5,0
256,6,1
256,7,0
256,8,1
256,9,0
257,0,0
257,1,1
257,2,0
257,3,1
257,4,1
257,5,0
257,6,0
257,7,0
257,8,0
257,9,0
258,0,0
258,1,0
258,2,1
258,3,1
258,4,1
258,5,0
258,6,0
258,7,1
258,8,0
258,9,0
259,0,0
259,1,0
259,2,1
259,3,0
259,4,1
259,5,0
259,6,1
259,7,1
259,8,1
259,9,1
260,0,0
260,1,0
260,2,1
260,3,0
260,4,1
260,5,0
260,6,1
260,7,0
260,8,1
260,9,0
261,0,0
261,1,1
261,2,1
261,3,0
261,4,1
261,5,0
261,6,1
261,7,1
261,8,1
261,9,0
262,0,0
262,1,0
262,2,1
262,3,0
262,4,0
262,5,1
262,6,0
262,7,1
262,8,0
262,9,0
263,0,0
263,1,0
263,2,1
263,3,0
263,4,1
263,5,0
263,6,0
263,7,1
263,8,1
263,9,0
264,0,0
264,1,0
264,2,1
264,3,0
264,4,0
264,5,0
264,6,0
264,7,1
264,8,1
264,9,0
265,0,0
265,1,0
265,2,1
265,3,1
265,4,1
265,5,0
265,6,0
265,7,1
265,8,0
265,9,1
266,0,0
266,1,0
266,2,1
266,3,0
266,4,0
266,5,0
266,6,1
266,7,1
266,8,0
266,9,0
267,0,0
267,1,0
267,2,1
267,3,1
267,4,0
267,5,1
267,6,0
267,7,1
267,8,1
267,9,0
268,0,0
268,1,1
268,2,1
268,3,1
268,4,1
268,5,0
268,6,0
268,7,0
268,8,0
268,9,0
269,0,0
269,1,1
269,2,1
269,3,0
269,4,0
269,5,0
269,6,0
269,7,1
269,8,0
269,9,0
270,0,0
270,1,0
270,2,1
270,3,1
270,4,1
270,5,1
270,6,1
270,7,0
270,8,0
270,9,0
271,0,0
271,1,1
271,2,1
271,3,0
271,4,1
271,5,0
271,6,0
271,7,1
271,8,1
271,9,0
272,0,0
272,1,0
272,2,1
272,3,1
272,4,1
272,5,0
272,6,0
272,7,1
272,8,0
272,9,0
273,0,0
273,1,0
273,2,0
273,3,0
273,4,0
273,5,1
273,6,0
273,7,0
273,8,0
273,9,0
274,0,0
274,1,0
274,2,1
274,3,0
274,4,0
274,5,0
274,6,0
274,7,0
274,8,1
274,9,0
275,0,0
275,1,1
275,2,1
275,3,1
275,4,0
275,5,1
275,6,0
275,7,1
275,8,0
275,9,0
276,0,0
276,1,0
276,2,1
276,3,0
276,4,1
276,5,0
276,6,1
276,7,1
276,8,0
276,9,0
277,0,0
277,1,1
277,2,0
277,3,0
277,4,1
277,5,0
277,6,1
277,7,1
277,8,1
277,9,0
278,0,0
278,1,0
278,2,1
278,3,1
278,4,0
278,5,0
278,6,1
278,7,1
278,8,1
278,9,0
279,0,0
279,1,1
279,2,1
279,3,0
279,4,0
279,5,0
279,6,0
279,7,1
279,8,0
279,9,0
280,0,0
280,1,0
280,2,0
280,3,0
280,4,1
280,5,0
280,6,0
280,7,1
280,8,0
280,9,0
281,0,0
281,1,1
281,2,1
281,3,1
281,4,0
281,5,0
281,6,0
281,7,1
281,8,1
281,9,0
282,0,0
282,1,0
282,2,1
282,3,0
282,4,0
282,5,1
282,6,1
282,7,1
282,8,1
282,9,0
283,0,0
283,1,0
283,2,0
283,3,0
283,4,0
283,5,0
283,6,0
283,7,1
283,8,0
283,9,0
284,0,0
284,1,0
284,2,1
284,3,1
284,4,1
284,5,0
284,6,1
284,7,1
284,8,1
284,9,0
285,0,0
285,1,0
285,2,1
285,3,1
285,4,1
285,5,0
285,6,1
285,7,1
285,8,1
285,9,0
286,0,0
286,1,0
286,2,1
286,3,1
286,4,0
286,5,0
286,6,0
286,7,0
286,8,0
286,9,0
287,0,0
287,1,0
287,2,1
287,3,0
287,4,1
287,5,1
287,6,1
287,7,0
287,8,0
287,9,1
288,0,0
288,1,0
288,2,1
288,3,1
288,4,0
288,5,0
288,6,1
288,7,1
288,8,1
288,9,0
289,0,0
289,1,1
289,2,1
289,3,0
289,4,1
289,5,0
289,6,0
289,7,1
289,8,1
289,9,1
290,0,0
290,1,0
290,2,1
290,3,1
290,4,1
290,5,0
290,6,0
290,7,1
290,8,0
290,9,0
291,0,0
291,1,1
291,2,1
291,3,1
291,4,1
291,5,0
291,6,0
291,7,0
291,8,0
291,9,0
292,0,0
292,1,1
292,2,1
292,3,0
292,4,1
292,5,0
292,6,0
292,7,1
292,8,1
292,9,0
293,0,0
293,1,1
293,2,1
293,3,1
293,4,1
293,5,0
293,6,0
293,7,1
293,8,1
293,9,0
294,0,0
294,1,0
294,2,1
294,3,0
294,4,1
294,5,0
294,6,1
294,7,0
294,8,0
294,9,0
295,0,0
295,1,0
295,2,1
295,3,1
295,4,1
295,5,0
295,6,1
295,7,0
295,8,0
295,9,0
296,0,0
296,1,1
296,2,1
296,3,1
296,4,0
296,5,0
296,6,0
296,7,0
296,8,0
296,9,1
297,0,0
297,1,0
297,2,1
297,3,1
297,4,1
297,5,0
297,6,0
297,7,1
297,8,0
297,9,0
298,0,0
298,1,0
298,2,1
298,3,1
298,4,1
298,5,0
298,6,0
298,7,1
298,8,0
298,9,0
299,0,0
299,1,0
299,2,1
299,3,0
299,4,0
299,5,0
299,6,1
299,7,1
299,8,1
299,9,0
300,0,0
300,1,0
300,2,1
300,3,1
300,4,1
300,5,0
300,6,1
300,7,1
300,8,1
300,9,0
301,0,0
301,1,0
301,2,1
301,3,1
301,4,1
301,5,0
301,6,1
301,7,0
301,8,0
301,9,1
302,0,0
302,1,0
302,2,1
302,3,0
302,4,1
302,5,0
302,6,0
302,7,0
302,8,0
302,9,0
303,0,0
303,1,0
303,2,1
303,3,0
303,4,1
303,5,0
303,6,0
303,7,1
303,8,1
303,9,0
304,0,0
304,1,0
304,2,1
304,3,0
304,4,0
304,5,0
304,6,1
304,7,0
304,8,1
304,9,0
305,0,0
305,1,0
305,2,1
305,3,1
305,4,1
305,5,0
305,6,0
305,7,1
305,8,1
305,9,1
306,0,0
306,1,0
306,2,1
306,3,1
306,4,1
306,5,0
306,6,1
306,7,1
306,8,1
306,9,0
307,0,0
307,1,0
307,2,1
307,3,1
307,4,1
307,5,1
307,6,1
307,7,1
307,8,1
307,9,0
308,0,0
308,1,0
308,2,1
308,3,1
308,4,1
308,5,0
308,6,0
308,7,1
308,8,0
308,9,0
309,0,0
309,1,1
309,2,1
309,3,0
309,4,0
309,5,0
309,6,1
309,7,1
309,8,1
309,9,0
310,0,0
310,1,0
310,2,1
310,3,0
310,4,1
310,5,0
310,6,1
310,7,0
310,8,1
310,9,0
311,0,0
311,1,0
311,2,1
311,3,1
311,4,1
311,5,0
311,6,0
311,7,1
311,8,0
311,9,0
312,0,0
312,1,0
312,2,1
312,3,0
312,4,0
312,5,0
312,6,0
312,7,1
312,8,1
312,9,0
313,0,0
313,1,1
313,2,1
313,3,0
313,4,1
313,5,0
313,6,1
313,7,1
313,8,0
313,9,0
314,0,0
314,1,0
314,2,1
314,3,0
314,4,0
314,5,0
314,6,0
314,7,1
314,8,1
314,9,1
315,0,0
315,1,0
315,2,1
315,3,1
315,4,1
315,5,0
315,6,0
315,7,1
315,8,1
315,9,0
316,0,0
316,1,0
316,2,1
316,3,1
316,4,1
316,5,0
316,6,0
316,7,1
316,8,1
316,9,0
317,0,1
317,1,0
317,2,1
317,3,1
317,4,0
317,5,0
317,6,0
317,7,1
317,8,1
317,9,0
318,0,0
318,1,0
318,2,1
318,3,0
318,4,0
318,5,0
318,6,1
318,7,0
318,8,0
318,9,0
319,0,0
319,1,0
319,2,1
319,3,1
319,4,1
319,5,0
319,6,1
319,7,1
319,8,0
319,9,0
320,0,0
320,1,0
320,2,1
320,3,1
320,4,0
320,5,0
320,6,1
320,7,1
320,8,1
320,9,0
321,0,0
321,1,1
321,2,1
321,3,0
321,4,1
321,5,0
321,6,1
321,7,1
321,8,0
321,9,0
322,0,0
322,1,0
322,2,1
322,3,1
322,4,1
322,5,0
322,6,0
322,7,1
322,8,1
322,9,0
323,0,0
323,1,0
323,2,1
323,3,1
323,4,0
323,5,0
323,6,0
323,7,1
323,8,0
323,9,0
324,0,1
324,1,1
324,2,1
324,3,0
324,4,1
324,5,0
324,6,0
324,7,1
324,8,0
324,9,0
325,0,0
325,1,0
325,2,1
325,3,1
325,4,1
325,5,0
325,6,1
325,7,1
325,8,1
325,9,0
326,0,0
326,1,0
326,2,1
326,3,1
326,4,1
326,5,0
326,6,1
326,7,1
326,8,1
326,9,1
327,0,0
327,1,1
327,2,1
327,3,1
327,4,1
327,5,1
327,6,0
327,7,1
327,8,0
327,9,0
328,0,0
328,1,1
328,2,1
328,3,0
328,4,1
328,5,0
328,6,0
328,7,0
328,8,1
328,9,0
329,0,0
329,1,0
329,2,1
329,3,0
329,4,1
329,5,0
329,6,0
329,7,1
329,8,0
329,9,0
330,0,0
330,1,1
330,2,0
330,3,0
330,4,1
330,5,0
330,6,0
330,7,0
330,8,0
330,9,0
331,0,0
331,1,0
331,2,0
331,3,1
331,4,0
331,5,0
331,6,1
331,7,1
331,8,1
331,9,0
332,0,1
332,1,0
332,2,1
332,3,1
332,4,0
332,5,0
332,6,1
332,7,1
332,8,0
332,9,0
333,0,0
333,1,1
333,2,1
333,3,0
333,4,1
333,5,0
333,6,1
333,7,0
333,8,0
333,9,0
334,0,0
334,1,0
334,2,1
334,3,1
334,4,0
334,5,0
334,6,1
334,7,0
334,8,0
334,9,0
335,0,0
335,1,0
335,2,1
335,3,0
335,4,0
335,5,0
335,6,0
335,7,1
335,8,0
335,9,0
336,0,0
336,1,0
336,2,0
336,3,0
336,4,1
336,5,0
336,6,1
336,7,0
336,8,0
336,9,1
337,0,0
337,1,0
337,2,1
337,3,1
337,4,1
337,5,0
337,6,0
337,7,0
337,8,0
337,9,0
338,0,0
338,1,1
338,2,0
338,3,0
338,4,1
338,5,0
338,6,1
338,7,1
338,8,1
338,9,0
339,0,1
339,1,0
339,2,1
339,3,1
339,4,0
339,5,0
339,6,1
339,7,1
339,8,1
339,9,0
340,0,0
340,1,1
340,2,1
340,3,0
340,4,1
340,5,0
340,6,1
340,7,1
340,8,1
340,9,0
341,0,0
341,1,0
341,2,1
341,3,0
341,4,0
341,5,0
341,6,0
341,7,1
341,8,1
341,9,0
342,0,1
342,1,0
342,2,1
342,3,0
342,4,1
342,5,0
342,6,1
342,7,1
342,8,1
342,9,0
343,0,0
343,1,0
343,2,1
343,3,0
343,4,1
343,5,0
343,6,0
343,7,1
343,8,1
343,9,0
344,0,0
344,1,0
344,2,1
344,3,0
344,4,1
344,5,1
344,6,0
344,7,1
344,8,0
344,9,0
345,0,0
345,1,0
345,2,1
345,3,1
345,4,1
345,5,1
345,6,0
345,7,1
345,8,1
345,9,0
346,0,0
346,1,0
346,2,1
346,3,0
346,4,1
346,5,0
346,6,1
346,7,0
346,8,0
346,9,0
347,0,0
347,1,0
347,2,1
347,3,1
347,4,0
347,5,0
347,6,0
347,7,1
347,8,0
347,9,0
348,0,0
348,1,0
348,2,0
348,3,0
348,4,1
348,5,1
348,6,0
348,7,0
348,8,0
348,9,0
349,0,0
349,1,1
349,2,1
349,3,1
349,4,1
349,5,0
349,6,0
349,7,1
349,8,0
349,9,0
350,0,0
350,1,1
350,2,1
350,3,1
350,4,1
350,5,0
350,6,1
350,7,1
350,8,1
350,9,0
351,0,0
351,1,0
351,2,1
351,3,0
351,4,0
351,5,0
351,6,1
351,7,1
351,8,0
351,9,0
352,0,0
352,1,0
352,2,1
352,3,0
352,4,0
352,5,0
352,6,0
352,7,0
352,8,0
352,9,0
353,0,0
353,1,0
353,2,1
353,3,0
353,4,1
353,5,1
353,6,1
353,7,1
353,8,1
353,9,0
354,0,0
354,1,0
354,2,1
354,3,1
354,4,0
354,5,0
354,6,0
354,7,1
354,8,1
354,9,0
355,0,0
355,1,0
355,2,1
355,3,1
355,4,0
355,5,0
355,6,0
355,7,1
355,8,0
355,9,0
356,0,0
356,1,0
356,2,1
356,3,1
356,4,0
356,5,0
356,6,1
356,7,0
356,8,1
356,9,1
357,0,0
357,1,0
357,2,1
357,3,1
357,4,0
357,5,0
357,6,0
357,7,1
357,8,1
357,9,0
358,0,0
358,1,0
358,2,1
358,3,0
358,4,1
358,5,0
358,6,1
358,7,0
358,8,0
358,9,0
359,0,0
359,1,0
359,2,1
359,3,1
359,4,1
359,5,0
359,6,0
359,7,1
359,8,1
359,9,0
360,0,0
360,1,0
360,2,1
360,3,1
360,4,1
360,5,0
360,6,1
360,7,0
360,8,1
360,9,0
361,0,0
361,1,0
361,2,1
361,3,1
361,4,0
361,5,0
361,6,1
361,7,1
361,8,0
361,9,0
362,0,0
362,1,0
362,2,1
362,3,1
362,4,0
362,5,0
362,6,0
362,7,1
362,8,0
362,9,0
363,0,0
363,1,0
363,2,1
363,3,0
363,4,1
363,5,1
363,6,0
363,7,1
363,8,0
363,9,0
364,0,0
364,1,1
364,2,1
364,3,0
364,4,1
364,5,0
364,6,0
364,7,1
364,8,1
364,9,0
365,0,0
365,1,1
365,2,0
365,3,1
365,4,1
365,5,1
365,6,0
365,7,0
365,8,1
365,9,0
366,0,0
366,1,0
366,2,1
366,3,0
366,4,1
366,5,0
366,6,1
366,7,0
366,8,0
366,9,0
367,0,0
367,1,0
367,2,1
367,3,1
367,4,1
367,5,0
367,6,0
367,7,1
367,8,1
367,9,0
368,0,1
368,1,0
368,2,1
368,3,1
368,4,1
368,5,1
368,6,0
368,7,1
368,8,1
368,9,0
369,0,0
369,1,0
369,2,1
369,3,1
369,4,0
369,5,1
369,6,0
369,7,1
369,8,1
369,9,0
370,0,1
370,1,0
370,2,1
370,3,1
370,4,0
370,5,1
370,6,1
370,7,1
370,8,1
370,9,0
371,0,0
371,1,0
371,2,1
371,3,0
371,4,0
371,5,0
371,6,0
371,7,1
371,8,1
371,9,1
372,0,0
372,1,0
372,2,1
372,3,0
372,4,1
372,5,0
372,6,1
372,7,1
372,8,0
372,9,0
373,0,0
373,1,0
373,2,1
373,3,1
373,4,0
373,5,0
373,6,0
373,7,1
373,8,1
373,9,0
374,0,0
374,1,1
374,2,1
374,3,0
374,4,0
374,5,0
374,6,1
374,7,1
374,8,1
374,9,0
375,0,0
375,1,1
375,2,1
375,3,0
375,4,0
375,5,0
375,6,0
375,7,1
375,8,1
375,9,0
376,0,1
376,1,0
376,2,1
376,3,0
376,4,0
376,5,0
376,6,1
376,7,0
376,8,1
376,9,0
377,0,0
377,1,0
377,2,1
377,3,1
377,4,1
377,5,0
377,6,1
377,7,0
377,8,0
377,9,0
378,0,0
378,1,0
378,2,1
378,3,0
378,4,1
378,5,0
378,6,1
378,7,1
378,8,0
378,9,0
379,0,0
379,1,1
379,2,1
379,3,0
379,4,1
379,5,0
379,6,0
379,7,1
379,8,0
379,9,0
380,0,0
380,1,0
380,2,1
380,3,0
380,4,1
380,5,0
380,6,1
380,7,1
380,8,0
380,9,0
381,0,0
381,1,0
381,2,1
381,3,1
381,4,0
381,5,0
381,6,0
381,7,0
381,8,1
381,9,0
382,0,0
382,1,0
382,2,1
382,3,1
382,4,0
382,5,0
382,6,1
382,7,1
382,8,1
382,9,0
383,0,0
383,1,0
383,2,1
383,3,1
383,4,1
383,5,1
383,6,1
383,7,1
383,8,0
383,9,0
384,0,0
384,1,0
384,2,1
384,3,1
384,4,0
384,5,0
384,6,1
384,7,1
384,8,1
384,9,0
385,0,0
385,1,0
385,2,1
385,3,0
385,4,1
385,5,0
385,6,0
385,7,1
385,8,0
385,9,0
386,0,0
386,1,1
386,2,1
386,3,0
386,4,1
386,5,0
386,6,1
386,7,0
386,8,1
386,9,0
387,0,0
387,1,1
387,2,1
387,3,0
387,4,0
387,5,0
387,6,1
387,7,1
387,8,1
387,9,0
388,0,0
388,1,0
388,2,1
388,3,1
388,4,0
388,5,0
388,6,1
388,7,1
388,8,1
388,9,0
389,0,1
389,1,1
389,2,1
389,3,1
389,4,1
389,5,0
389,6,0
389,7,1
389,8,0
389,9,0
390,0,0
390,1,0
390,2,1
390,3,0
390,4,0
390,5,0
390,6,1
390,7,1
390,8,1
390,9,1
391,0,0
391,1,0
391,2,1
391,3,1
391,4,1
391,5,0
391,6,0
391,7,0
391,8,1
391,9,0
392,0,0
392,1,0
392,2,1
392,3,0
392,4,1
392,5,1
392,6,0
392,7,1
392,8,1
392,9,0
393,0,0
393,1,0
393,2,1
393,3,0
393,4,0
393,5,0
393,6,1
393,7,0
393,8,1
393,9,0
394,0,0
394,1,1
394,2,1
394,3,0
394,4,0
394,5,0
394,6,0
394,7,1
394,8,1
394,9,0
395,0,0
395,1,0
395,2,1
395,3,1
395,4,0
395,5,1
395,6,0
395,7,0
395,8,1
395,9,0
396,0,0
396,1,0
396,2,1
396,3,0
396,4,1
396,5,0
396,6,1
396,7,0
396,8,1
396,9,1
397,0,0
397,1,0
397,2,1
397,3,0
397,4,1
397,5,0
397,6,0
397,7,0
397,8,0
397,9,0
398,0,0
398,1,0
398,2,1
398,3,0
398,4,1
398,5,0
398,6,1
398,7,1
398,8,1
398,9,0
399,0,0
399,1,0
399,2,1
399,3,0
399,4,0
399,5,0
399,6,0
399,7,1
399,8,1
399,9,0
400,0,0
400,1,1
400,2,1
400,3,0
400,4,1
400,5,0
400,6,1
400,7,0
400,8,0
400,9,0
401,0,0
401,1,0
401,2,1
401,3,0
401,4,0
401,5,0
401,6,0
401,7,1
401,8,0
401,9,0
402,0,0
402,1,0
402,2,1
402,3,1
402,4,1
402,5,0
402,6,0
402,7,0
402,8,0
402,9,0
403,0,0
403,1,0
403,2,1
403,3,1
403,4,1
403,5,0
403,6,1
403,7,0
403,8,0
403,9,0
404,0,0
404,1,1
404,2,1
404,3,1
404,4,1
404,5,0
404,6,0
404,7,0
404,8,1
404,9,0
405,0,0
405,1,0
405,2,1
405,3,1
405,4,1
405,5,0
405,6,0
405,7,0
405,8,0
405,9,0
406,0,0
406,1,0
406,2,1
406,3,0
406,4,1
406,5,0
406,6,0
406,7,1
406,8,1
406,9,0
407,0,0
407,1,1
407,2,1
407,3,1
407,4,1
407,5,0
407,6,0
407,7,1
407,8,1
407,9,0
408,0,0
408,1,0
408,2,1
408,3,1
408,4,1
408,5,0
408,6,1
408,7,1
408,8,1
408,9,0
409,0,0
409,1,1
409,2,1
409,3,1
409,4,0
409,5,0
409,6,0
409,7,1
409,8,0
409,9,1
410,0,0
410,1,0
410,2,1
410,3,0
410,4,1
410,5,0
410,6,1
410,7,1
410,8,0
410,9,0
411,0,0
411,1,0
411,2,1
411,3,0
411,4,0
411,5,0
411,6,1
411,7,1
411,8,0
411,9,0
412,0,0
412,1,0
412,2,1
412,3,0
412,4,1
412,5,0
412,6,1
412,7,1
412,8,0
412,9,0
413,0,0
413,1,0
413,2,0
413,3,0
413,4,1
413,5,1
413,6,1
413,7,1
413,8,1
413,9,0
414,0,0
414,1,0
414,2,1
414,3,0
414,4,1
414,5,1
414,6,0
414,7,1
414,8,0
414,9,0
415,0,0
415,1,1
415,2,1
415,3,1
415,4,1
415,5,1
415,6,0
415,7,0
415,8,0
415,9,0
416,0,0
416,1,0
416,2,1
416,3,1
416,4,1
416,5,0
416,6,1
416,7,1
416,8,0
416,9,0
417,0,1
417,1,0
417,2,1
417,3,0
417,4,1
417,5,1
417,6,1
417,7,1
417,8,0
417,9,1
418,0,0
418,1,0
418,2,1
418,3,0
418,4,1
418,5,0
418,6,0
418,7,0
418,8,1
418,9,0
419,0,0
419,1,0
419,2,1
419,3,0
419,4,0
419,5,1
419,6,0
419,7,1
419,8,1
419,9,0
420,0,0
420,1,0
420,2,1
420,3,0
420,4,1
420,5,0
420,6,1
420,7,1
420,8,1
420,9,0
421,0,0
421,1,0
421,2,1
421,3,1
421,4,1
421,5,0
421,6,0
421,7,1
421,8,1
421,9,0
422,0,0
422,1,0
422,2,1
422,3,1
422,4,1
422,5,0
422,6,0
422,7,1
422,8,0
422,9,0
423,0,0
423,1,1
423,2,1
423,3,0
423,4,0
423,5,0
423,6,0
423,7,1
423,8,1
423,9,0
424,0,0
424,1,0
424,2,1
424,3,1
424,4,1
424,5,1
424,6,1
424,7,1
424,8,1
424,9,0
425,0,0
425,1,0
425,2,1
425,3,1
425,4,0
425,5,0
425,6,1
425,7,1
425,8,0
425,9,0
426,0,1
426,1,0
426,2,1
426,3,0
426,4,1
426,5,0
426,6,1
426,7,1
426,8,1
426,9,0
427,0,0
427,1,0
427,2,1
427,3,0
427,4,1
427,5,1
427,6,0
427,7,0
427,8,1
427,9,0
428,0,0
428,1,0
428,2,1
428,3,0
428,4,1
428,5,0
428,6,0
428,7,1
428,8,1
428,9,0
429,0,0
429,1,0
429,2,1
429,3,0
429,4,0
429,5,0
429,6,0
429,7,0
429,8,0
429,9,1
430,0,0
430,1,1
430,2,1
430,3,0
430,4,1
430,5,0
430,6,1
430,7,0
430,8,1
430,9,0
431,0,0
431,1,0
431,2,1
431,3,0
431,4,0
431,5,0
431,6,1
431,7,0
431,8,1
431,9,0
432,0,0
432,1,0
432,2,1
432,3,0
432,4,1
432,5,0
432,6,0
432,7,1
432,8,0
432,9,0
433,0,0
433,1,1
433,2,1
433,3,0
433,4,1
433,5,1
433,6,1
433,7,1
433,8,0
433,9,0
434,0,0
434,1,1
434,2,1
434,3,1
434,4,0
434,5,0
434,6,0
434,7,1
434,8,0
434,9,0
435,0,0
435,1,0
435,2,0
435,3,1
435,4,0
435,5,1
435,6,0
435,7,1
435,8,0
435,9,0
436,0,0
436,1,0
436,2,1
436,3,1
436,4,1
436,5,0
436,6,1
436,7,1
436,8,0
436,9,0
437,0,0
437,1,1
437,2,1
437,3,0
437,4,1
437,5,1
437,6,0
437,7,0
437,8,1
437,9,0
438,0,0
438,1,1
438,2,1
438,3,1
438,4,1
438,5,0
438,6,0
438,7,1
438,8,1
438,9,0
439,0,0
439,1,0
439,2,1
439,3,1
439,4,0
439,5,0
439,6,0
439,7,1
439,8,1
439,9,1
440,0,0
440,1,0
440,2,1
440,3,0
440,4,1
440,5,0
440,6,1
440,7,0
440,8,0
440,9,0
441,0,0
441,1,1
441,2,1
441,3,1
441,4,1
441,5,0
441,6,1
441,7,0
441,8,1
441,9,0
442,0,0
442,1,1
442,2,0
442,3,0
442,4,1
442,5,0
442,6,1
442,7,0
442,8,1
442,9,1
443,0,0
443,1,1
443,2,1
443,3,1
443,4,1
443,5,1
443,6,0
443,7,1
443,8,0
443,9,0
444,0,1
444,1,0
444,2,1
444,3,1
444,4,0
444,5,1
444,6,1
444,7,1
444,8,1
444,9,0
445,0,0
445,1,0
445,2,1
445,3,1
445,4,1
445,5,0
445,6,0
445,7,0
445,8,1
445,9,0
446,0,0
446,1,0
446,2,1
446,3,0
446,4,0
446,5,0
446,6,0
446,7,1
446,8,0
446,9,0
447,0,0
447,1,0
447,2,1
447,3,1
447,4,1
447,5,0
447,6,1
447,7,0
447,8,0
447,9,0
448,0,0
448,1,0
448,2,1
448,3,1
448,4,1
448,5,0
448,6,1
448,7,0
448,8,1
448,9,0
449,0,0
449,1,0
449,2,1
449,3,1
449,4,1
449,5,0
449,6,0
449,7,1
449,8,1
449,9,0
450,0,0
450,1,0
450,2,1
450,3,1
450,4,0
450,5,0
450,6,0
450,7,1
450,8,1
450,9,0
451,0,0
451,1,0
451,2,1
451,3,1
451,4,0
451,5,0
451,6,1
451,7,1
451,8,0
451,9,0
452,0,0
452,1,0
452,2,0
452,3,1
452,4,1
452,5,0
452,6,1
452,7,0
452,8,1
452,9,0
453,0,0
453,1,0
453,2,1
453,3,1
453,4,0
453,5,0
453,6,1
453,7,1
453,8,0
453,9,1
454,0,0
454,1,0
454,2,0
454,3,0
454,4,0
454,5,0
454,6,0
454,7,1
454,8,0
454,9,0
455,0,0
455,1,0
455,2,1
455,3,0
455,4,0
455,5,1
455,6,0
455,7,0
455,8,0
455,9,0
456,0,0
456,1,0
456,2,1
456,3,0
456,4,1
456,5,0
456,6,0
456,7,1
456,8,1
456,9,0
457,0,0
457,1,0
457,2,1
457,3,0
457,4,1
457,5,0
457,6,1
457,7,0
457,8,1
457,9,0
458,0,0
458,1,1
458,2,1
458,3,1
458,4,1
458,5,0
458,6,1
458,7,1
458,8,1
458,9,0
459,0,0
459,1,1
459,2,1
459,3,0
459,4,0
459,5,1
459,6,0
459,7,0
459,8,0
459,9,0
460,0,0
460,1,0
460,2,0
460,3,1
460,4,1
460,5,0
460,6,1
460,7,1
460,8,0
460,9,0
461,0,0
461,1,0
461,2,1
461,3,0
461,4,1
461,5,0
461,6,1
461,7,0
461,8,0
461,9,0
462,0,0
462,1,1
462,2,1
462,3,0
462,4,0
462,5,0
462,6,1
462,7,1
462,8,1
462,9,0
463,0,0
463,1,1
463,2,1
463,3,0
463,4,1
463,5,0
463,6,1
463,7,1
463,8,1
463,9,0
464,0,0
464,1,0
464,2,1
464,3,0
464,4,1
464,5,0
464,6,0
464,7,1
464,8,1
464,9,0
465,0,0
465,1,0
465,2,1
465,3,0
465,4,1
465,5,1
465,6,0
465,7,1
465,8,0
465,9,0
466,0,0
466,1,0
466,2,0
466,3,1
466,4,0
466,5,0
466,6,1
466,7,0
466,8,1
466,9,0
467,0,0
467,1,0
467,2,1
467,3,1
467,4,1
467,5,0
467,6,0
467,7,1
467,8,1
467,9,0
468,0,0
468,1,0
468,2,1
468,3,1
468,4,1
468,5,0
468,6,1
468,7,1
468,8,1
468,9,0
469,0,0
469,1,0
469,2,1
469,3,0
469,4,1
469,5,0
469,6,0
469,7,0
469,8,1
469,9,0
470,0,0
470,1,0
470,2,1
470,3,0
470,4,1
470,5,0
470,6,0
470,7,1
470,8,1
470,9,0
471,0,0
471,1,1
471,2,1
471,3,0
471,4,1
471,5,0
471,6,1
471,7,0
471,8,0
471,9,0
472,0,0
472,1,0
472,2,1
472,3,1
472,4,1
472,5,0
472,6,1
472,7,1
472,8,1
472,9,1
473,0,0
473,1,1
473,2,1
473,3,0
473,4,1
473,5,1
473,6,0
473,7,1
473,8,1
473,9,0
474,0,0
474,1,0
474,2,1
474,3,1
474,4,1
474,5,0
474,6,1
474,7,1
474,8,1
474,9,0
475,0,0
475,1,0
475,2,1
475,3,0
475,4,0
475,5,1
475,6,0
475,7,0
475,8,0
475,9,1
476,0,0
476,1,1
476,2,0
476,3,1
476,4,0
476,5,0
476,6,0
476,7,1
476,8,0
476,9,0
477,0,0
477,1,0
477,2,1
477,3,1
477,4,1
477,5,1
477,6,1
477,7,1
477,8,1
477,9,0
478,0,0
478,1,0
478,2,1
478,3,1
478,4,0
478,5,0
478,6,0
478,7,1
478,8,1
478,9,0
479,0,0
479,1,0
479,2,1
479,3,0
479,4,1
479,5,1
479,6,0
479,7,1
479,8,1
479,9,0
480,0,0
480,1,1
480,2,1
480,3,1
480,4,1
480,5,0
480,6,0
480,7,0
480,8,1
480,9,0
481,0,0
481,1,1
481,2,1
481,3,1
481,4,1
481,5,1
481,6,1
481,7,0
481,8,0
481,9,0
482,0,1
482,1,0
482,2,1
482,3,0
482,4,1
482,5,0
482,6,0
482,7,1
482,8,0
482,9,0
483,0,0
483,1,0
483,2,0
483,3,1
483,4,1
483,5,0
483,6,1
483,7,0
483,8,1
483,9,0
484,0,0
484,1,0
484,2,1
484,3,1
484,4,0
484,5,0
484,6,0
484,7,0
484,8,1
484,9,0
485,0,0
485,1,0
485,2,0
485,3,0
485,4,1
485,5,0
485,6,1
485,7,0
485,8,0
485,9,0
486,0,0
486,1,0
486,2,0
486,3,0
486,4,1
486,5,0
486,6,0
486,7,1
486,8,0
486,9,0
487,0,0
487,1,1
487,2,1
487,3,0
487,4,0
487,5,1
487,6,0
487,7,1
487,8,0
487,9,0
488,0,0
488,1,1
488,2,1
488,3,0
488,4,1
488,5,0
488,6,1
488,7,0
488,8,1
488,9,0
489,0,0
489,1,0
489,2,1
489,3,0
489,4,0
489,5,0
489,6,0
489,7,1
489,8,1
489,9,1
490,0,0
490,1,0
490,2,1
490,3,0
490,4,0
490,5,0
490,6,0
490,7,1
490,8,0
490,9,0
491,0,0
491,1,0
491,2,1
491,3,0
491,4,1
491,5,0
491,6,1
491,7,0
491,8,1
491,9,0
492,0,0
492,1,0
492,2,1
492,3,0
492,4,1
492,5,1
492,6,0
492,7,0
492,8,1
492,9,0
493,0,0
493,1,0
493,2,1
493,3,0
493,4,0
493,5,0
493,6,0
493,7,1
493,8,0
493,9,0
494,0,0
494,1,0
494,2,1
494,3,0
494,4,0
494,5,0
494,6,1
494,7,1
494,8,1
494,9,0
495,0,0
495,1,0
495,2,1
495,3,0
495,4,1
495,5,0
495,6,1
495,7,1
495,8,0
495,9,0
496,0,0
496,1,0
496,2,1
496,3,0
496,4,1
496,5,0
496,6,1
496,7,1
496,8,0
496,9,0
497,0,0
497,1,0
497,2,0
497,3,1
497,4,1
497,5,0
497,6,0
497,7,1
497,8,1
497,9,0
498,0,0
498,1,0
498,2,1
498,3,0
498,4,1
498,5,0
498,6,0
498,7,1
498,8,1
498,9,0
499,0,0
499,1,1
499,2,1
499,3,0
499,4,1
499,5,0
499,6,0
499,7,1
499,8,1
499,9,0
500,0,0
500,1,1
500,2,1
500,3,1
500,4,1
500,5,0
500,6,0
500,7,0
500,8,0
500,9,0
501,0,0
501,1,1
501,2,1
501,3,0
501,4,1
501,5,0
501,6,1
501,7,0
501,8,1
501,9,0
502,0,0
502,1,0
502,2,1
502,3,0
502,4,1
502,5,1
502,6,1
502,7,1
502,8,0
502,9,0
503,0,0
503,1,1
503,2,1
503,3,1
503,4,1
503,5,0
503,6,0
503,7,0
503,8,0
503,9,1
504,0,0
504,1,0
504,2,1
504,3,1
504,4,0
504,5,0
504,6,1
504,7,1
504,8,1
504,9,0
505,0,0
505,1,0
505,2,1
505,3,0
505,4,0
505,5,0
505,6,0
505,7,1
505,8,1
505,9,0
506,0,0
506,1,0
506,2,0
506,3,1
506,4,1
506,5,0
506,6,1
506,7,0
506,8,1
506,9,0
507,0,0
507,1,0
507,2,1
507,3,0
507,4,1
507,5,0
507,6,0
507,7,0
507,8,0
507,9,0
508,0,0
508,1,0
508,2,1
508,3,0
508,4,0
508,5,0
508,6,0
508,7,0
508,8,0
508,9,0
509,0,0
509,1,0
509,2,1
509,3,1
509,4,0
509,5,0
509,6,0
509,7,1
509,8,1
509,9,0
510,0,1
510,1,0
510,2,1
510,3,0
510,4,0
510,5,0
510,6,0
510,7,1
510,8,1
510,9,0
511,0,0
511,1,1
511,2,1
511,3,1
511,4,1
511,5,0
511,6,1
511,7,0
511,8,0
511,9,0
512,0,0
512,1,0
512,2,1
512,3,0
512,4,1
512,5,0
512,6,1
512,7,0
512,8,1
512,9,0
513,0,0
513,1,0
513,2,1
513,3,0
513,4,1
513,5,0
513,6,0
513,7,0
513,8,1
513,9,0
514,0,1
514,1,1
514,2,1
514,3,1
514,4,0
514,5,0
514,6,0
514,7,0
514,8,1
514,9,0
515,0,0
515,1,0
515,2,1
515,3,1
515,4,1
515,5,0
515,6,0
515,7,1
515,8,1
515,9,0
516,0,0
516,1,0
516,2,1
516,3,0
516,4,1
516,5,0
516,6,0
516,7,1
516,8,1
516,9,0
517,0,0
517,1,0
517,2,1
517,3,0
517,4,1
517,5,0
517,6,1
517,7,1
517,8,1
517,9,0
518,0,0
518,1,1
518,2,1
518,3,0
518,4,1
518,5,0
518,6,0
518,7,1
518,8,1
518,9,0
519,0,0
519,1,0
519,2,1
519,3,0
519,4,1
519,5,0
519,6,1
519,7,1
519,8,0
519,9,0
520,0,0
520,1,0
520,2,1
520,3,1
520,4,1
520,5,0
520,6,1
520,7,1
520,8,1
520,9,0
521,0,0
521,1,0
521,2,1
521,3,1
521,4,0
521,5,0
521,6,0
521,7,1
521,8,1
521,9,0
522,0,0
522,1,0
522,2,1
522,3,1
522,4,0
522,5,1
522,6,0
522,7,1
522,8,0
522,9,0
523,0,0
523,1,0
523,2,1
523,3,0
523,4,1
523,5,0
523,6,1
523,7,1
523,8,1
523,9,0
524,0,0
524,1,0
524,2,1
524,3,0
524,4,0
524,5,0
524,6,0
524,7,1
524,8,0
524,9,0
525,0,1
525,1,1
525,2,1
525,3,0
525,4,1
525,5,1
525,6,0
525,7,1
525,8,0
525,9,0
526,0,0
526,1,0
526,2,0
526,3,1
526,4,1
526,5,0
526,6,0
526,7,0
526,8,1
526,9,0
527,0,0
527,1,0
527,2,1
527,3,0
527,4,1
527,5,0
527,6,1
527,7,1
527,8,1
527,9,0
528,0,0
528,1,0
528,2,0
528,3,0
528,4,0
528,5,0
528,6,1
528,7,1
528,8,1
528,9,0
529,0,0
529,1,1
529,2,1
529,3,0
529,4,0
529,5,0
529,6,0
529,7,0
529,8,1
529,9,0
530,0,0
530,1,0
530,2,1
530,3,1
530,4,1
530,5,0
530,6,1
530,7,1
530,8,1
530,9,0
531,0,0
531,1,0
531,2,1
531,3,0
531,4,1
531,5,0
531,6,1
531,7,0
531,8,0
531,9,0
532,0,0
532,1,0
532,2,1
532,3,0
532,4,0
532,5,0
532,6,0
532,7,1
532,8,1
532,9,0
533,0,0
533,1,1
533,2,1
533,3,1
533,4,0
533,5,0
533,6,0
533,7,1
533,8,1
533,9,1
534,0,0
534,1,0
534,2,1
534,3,0
534,4,1
534,5,1
534,6,0
534,7,0
534,8,1
534,9,0
535,0,1
535,1,0
535,2,1
535,3,0
535,4,1
535,5,0
535,6,0
535,7,1
535,8,1
535,9,0
536,0,0
536,1,1
536,2,1
536,3,0
536,4,1
536,5,1
536,6,1
536,7,1
536,8,0
536,9,0
537,0,0
537,1,0
537,2,1
537,3,0
537,4,1
537,5,1
537,6,1
537,7,1
537,8,0
537,9,0
538,0,0
538,1,0
538,2,1
538,3,0
538,4,1
538,5,1
538,6,1
538,7,1
538,8,0
538,9,0
539,0,1
539,1,0
539,2,1
539,3,1
539,4,1
539,5,0
539,6,0
539,7,1
539,8,0
539,9,0
540,0,0
540,1,0
540,2,1
540,3,0
540,4,1
540,5,1
540,6,1
540,7,1
540,8,1
540,9,0
541,0,0
541,1,0
541,2,1
541,3,0
541,4,1
541,5,1
541,6,1
541,7,1
541,8,0
541,9,0
542,0,0
542,1,1
542,2,1
542,3,1
542,4,1
542,5,0
542,6,0
542,7,1
542,8,0
542,9,0
543,0,0
543,1,0
543,2,1
543,3,1
543,4,1
543,5,1
543,6,1
543,7,1
543,8,1
543,9,0
544,0,0
544,1,0
544,2,0
544,3,1
544,4,1
544,5,0
544,6,1
544,7,1
544,8,0
544,9,0
545,0,0
545,1,0
545,2,1
545,3,1
545,4,0
545,5,1
545,6,0
545,7,0
545,8,1
545,9,0
546,0,0
546,1,1
546,2,1
546,3,0
546,4,1
546,5,0
546,6,0
546,7,0
546,8,0
546,9,0
547,0,0
547,1,1
547,2,1
547,3,1
547,4,0
547,5,1
547,6,0
547,7,1
547,8,1
547,9,0
548,0,0
548,1,0
548,2,1
548,3,1
548,4,1
548,5,1
548,6,0
548,7,0
548,8,0
548,9,0
549,0,0
549,1,1
549,2,1
549,3,0
549,4,0
549,5,1
549,6,0
549,7,1
549,8,0
549,9,0
550,0,0
550,1,1
550,2,0
550,3,1
550,4,1
550,5,1
550,6,1
550,7,1
550,8,0
550,9,0
551,0,0
551,1,1
551,2,1
551,3,0
551,4,1
551,5,0
551,6,1
551,7,0
551,8,1
551,9,0
552,0,0
552,1,0
552,2,1
552,3,0
552,4,1
552,5,0
552,6,0
552,7,1
552,8,0
552,9,0
553,0,0
553,1,1
553,2,1
553,3,0
553,4,1
553,5,1
553,6,1
553,7,1
553,8,1
553,9,0
554,0,0
554,1,0
554,2,1
554,3,0
554,4,1
554,5,1
554,6,1
554,7,1
554,8,0
554,9,0
555,0,0
555,1,0
555,2,0
555,3,1
555,4,1
555,5,0
555,6,1
555,7,1
555,8,1
555,9,0
556,0,0
556,1,1
556,2,1
556,3,1
556,4,0
556,5,0
556,6,0
556,7,0
556,8,1
556,9,0
557,0,0
557,1,0
557,2,0
557,3,0
557,4,0
557,5,0
557,6,0
557,7,1
557,8,0
557,9,0
558,0,0
558,1,1
558,2,1
558,3,0
558,4,1
558,5,0
558,6,1
558,7,1
558,8,1
558,9,1
559,0,0
559,1,0
559,2,0
559,3,0
559,4,0
559,5,0
559,6,1
559,7,1
559,8,1
559,9,0
560,0,1
560,1,0
560,2,0
560,3,0
560,4,0
560,5,0
560,6,0
560,7,0
560,8,0
560,9,0
561,0,1
561,1,0
561,2,1
561,3,1
561,4,0
561,5,0
561,6,1
561,7,1
561,8,1
561,9,1
562,0,0
562,1,0
562,2,1
562,3,0
562,4,0
562,5,0
562,6,0
562,7,1
562,8,0
562,9,0
563,0,0
563,1,0
563,2,1
563,3,0
563,4,1
563,5,0
563,6,0
563,7,0
563,8,0
563,9,0
564,0,0
564,1,0
564,2,1
564,3,1
564,4,1
564,5,0
564,6,1
564,7,1
564,8,1
564,9,0
565,0,0
565,1,0
565,2,1
565,3,0
565,4,0
565,5,0
565,6,0
565,7,1
565,8,1
565,9,0
566,0,0
566,1,0
566,2,1
566,3,0
566,4,0
566,5,0
566,6,0
566,7,1
566,8,1
566,9,0
567,0,0
567,1,0
567,2,0
567,3,0
567,4,0
567,5,0
567,6,0
567,7,0
567,8,1
567,9,0
568,0,0
568,1,0
568,2,1
568,3,0
568,4,1
568,5,1
568,6,1
568,7,1
568,8,1
568,9,0
569,0,0
569,1,1
569,2,1
569,3,0
569,4,0
569,5,0
569,6,1
569,7,0
569,8,1
569,9,0
570,0,0
570,1,1
570,2,1
570,3,0
570,4,0
570,5,0
570,6,0
570,7,1
570,8,1
570,9,1
571,0,0
571,1,0
571,2,0
571,3,0
571,4,1
571,5,0
571,6,1
571,7,0
571,8,0
571,9,0
572,0,0
572,1,0
572,2,1
572,3,1
572,4,0
572,5,1
572,6,0
572,7,0
572,8,1
572,9,0
573,0,0
573,1,1
573,2,0
573,3,1
573,4,1
573,5,0
573,6,1
573,7,0
573,8,1
573,9,1
574,0,0
574,1,0
574,2,1
574,3,0
574,4,1
574,5,0
574,6,0
574,7,1
574,8,0
574,9,0
575,0,0
575,1,1
575,2,1
575,3,1
575,4,1
575,5,0
575,6,1
575,7,1
575,8,1
575,9,0
576,0,0
576,1,0
576,2,1
576,3,0
576,4,0
576,5,0
576,6,1
576,7,0
576,8,1
576,9,0
577,0,1
577,1,0
577,2,1
577,3,1
577,4,1
577,5,0
577,6,0
577,7,1
577,8,1
577,9,0
578,0,0
578,1,0
578,2,1
578,3,1
578,4,0
578,5,0
578,6,1
578,7,1
578,8,1
578,9,0
579,0,0
579,1,0
579,2,0
579,3,0
579,4,1
579,5,0
579,6,0
579,7,1
579,8,1
579,9,0
580,0,0
580,1,1
580,2,1
580,3,0
580,4,1
580,5,0
580,6,1
580,7,1
580,8,1
580,9,0
581,0,0
581,1,1
581,2,1
581,3,1
581,4,1
581,5,0
581,6,1
581,7,1
581,8,1
581,9,1
582,0,0
582,1,1
582,2,1
582,3,0
582,4,0
582,5,0
582,6,1
582,7,1
582,8,1
582,9,0
583,0,0
583,1,0
583,2,1
583,3,1
583,4,1
583,5,1
583,6,0
583,7,1
583,8,1
583,9,0
584,0,0
584,1,0
584,2,1
584,3,1
584,4,0
584,5,0
584,6,0
584,7,1
584,8,1
584,9,0
585,0,0
585,1,0
585,2,1
585,3,0
585,4,1
585,5,0
585,6,1
585,7,1
585,8,1
585,9,0
586,0,0
586,1,1
586,2,1
586,3,1
586,4,1
586,5,1
586,6,1
586,7,1
586,8,1
586,9,0
587,0,0
587,1,0
587,2,1
587,3,0
587,4,0
587,5,1
587,6,1
587,7,1
587,8,0
587,9,0
588,0,0
588,1,1
588,2,1
588,3,0
588,4,1
588,5,0
588,6,0
588,7,1
588,8,0
588,9,0
589,0,0
589,1,1
589,2,1
589,3,0
589,4,1
589,5,0
589,6,1
589,7,1
589,8,1
589,9,0
590,0,0
590,1,0
590,2,1
590,3,1
590,4,1
590,5,0
590,6,1
590,7,1
590,8,1
590,9,0
591,0,0
591,1,0
591,2,1
591,3,0
591,4,1
591,5,0
591,6,0
591,7,1
591,8,0
591,9,1
592,0,0
592,1,1
592,2,0
592,3,1
592,4,1
592,5,0
592,6,0
592,7,1
592,8,1
592,9,0
593,0,0
593,1,1
593,2,1
593,3,0
593,4,0
593,5,0
593,6,1
593,7,1
593,8,1
593,9,0
594,0,0
594,1,0
594,2,1
594,3,1
594,4,0
594,5,0
594,6,0
594,7,1
594,8,1
594,9,0
595,0,0
595,1,0
595,2,1
595,3,1
595,4,1
595,5,0
595,6,0
595,7,0
595,8,1
595,9,1
596,0,0
596,1,0
596,2,1
596,3,1
596,4,0
596,5,0
596,6,0
596,7,0
596,8,1
596,9,0
597,0,0
597,1,0
597,2,1
597,3,1
597,4,1
597,5,1
597,6,0
597,7,0
597,8,0
597,9,1
598,0,0
598,1,0
598,2,1
598,3,1
598,4,1
598,5,1
598,6,1
598,7,0
598,8,1
598,9,0
599,0,0
599,1,0
599,2,1
599,3,0
599,4,1
599,5,0
599,6,0
599,7,1
599,8,1
599,9,0
600,0,0
600,1,0
600,2,1
600,3,0
600,4,0
600,5,0
600,6,1
600,7,1
600,8,1
600,9,0
601,0,0
601,1,1
601,2,1
601,3,1
601,4,0
601,5,0
601,6,0
601,7,1
601,8,0
601,9,1
602,0,0
602,1,0
602,2,1
602,3,1
602,4,1
602,5,0
602,6,0
602,7,1
602,8,1
602,9,0
603,0,0
603,1,0
603,2,1
603,3,1
603,4,1
603,5,0
603,6,1
603,7,1
603,8,1
603,9,0
604,0,0
604,1,0
604,2,1
604,3,0
604,4,0
604,5,0
604,6,1
604,7,0
604,8,0
604,9,0
605,0,0
605,1,1
605,2,1
605,3,0
605,4,1
605,5,0
605,6,0
605,7,1
605,8,1
605,9,0
606,0,0
606,1,0
606,2,1
606,3,0
606,4,1
606,5,0
606,6,0
606,7,1
606,8,1
606,9,1
607,0,0
607,1,0
607,2,1
607,3,1
607,4,1
607,5,0
607,6,0
607,7,1
607,8,0
607,9,0
608,0,0
608,1,0
608,2,1
608,3,1
608,4,1
608,5,0
608,6,1
608,7,1
608,8,1
608,9,0
609,0,0
609,1,0
609,2,1
609,3,1
609,4,1
609,5,1
609,6,0
609,7,1
609,8,1
609,9,0
610,0,0
610,1,0
610,2,1
610,3,1
610,4,1
610,5,0
610,6,0
610,7,1
610,8,1
610,9,0
611,0,0
611,1,0
611,2,1
611,3,1
611,4,1
611,5,0
611,6,1
611,7,1
611,8,1
611,9,1
612,0,0
612,1,0
612,2,1
612,3,1
612,4,1
612,5,0
612,6,0
612,7,1
612,8,1
612,9,0
613,0,0
613,1,0
613,2,1
613,3,1
613,4,1
613,5,0
613,6,1
613,7,1
613,8,1
613,9,0
614,0,0
614,1,1
614,2,1
614,3,0
614,4,1
614,5,1
614,6,0
614,7,1
614,8,1
614,9,0
615,0,0
615,1,0
615,2,1
615,3,1
615,4,0
615,5,0
615,6,0
615,7,0
615,8,0
615,9,0
616,0,0
616,1,1
616,2,1
616,3,1
616,4,1
616,5,0
616,6,1
616,7,0
616,8,1
616,9,0
617,0,0
617,1,0
617,2,1
617,3,1
617,4,0
617,5,0
617,6,1
617,7,1
617,8,1
617,9,0
618,0,0
618,1,0
618,2,1
618,3,0
618,4,0
618,5,1
618,6,1
618,7,1
618,8,1
618,9,0
619,0,0
619,1,0
619,2,1
619,3,1
619,4,1
619,5,0
619,6,0
619,7,1
619,8,1
619,9,0
620,0,0
620,1,0
620,2,1
620,3,0
620,4,1
620,5,0
620,6,1
620,7,1
620,8,1
620,9,0
621,0,0
621,1,1
621,2,1
621,3,0
621,4,1
621,5,0
621,6,0
621,7,0
621,8,1
621,9,0
622,0,0
622,1,0
622,2,1
622,3,1
622,4,1
622,5,0
622,6,0
622,7,0
622,8,1
622,9,0
623,0,0
623,1,0
623,2,1
623,3,0
623,4,1
623,5,1
623,6,0
623,7,0
623,8,1
623,9,0
624,0,0
624,1,0
624,2,1
624,3,0
624,4,0
624,5,0
624,6,1
624,7,1
624,8,1
624,9,0
625,0,0
625,1,0
625,2,1
625,3,1
625,4,0
625,5,0
625,6,1
625,7,1
625,8,1
625,9,0
626,0,0
626,1,1
626,2,1
626,3,0
626,4,1
626,5,0
626,6,1
626,7,1
626,8,1
626,9,0
627,0,0
627,1,0
627,2,1
627,3,1
627,4,1
627,5,1
627,6,1
627,7,1
627,8,1
627,9,0
628,0,0
628,1,0
628,2,1
628,3,1
628,4,1
628,5,0
628,6,1
628,7,1
628,8,0
628,9,0
629,0,0
629,1,0
629,2,0
629,3,0
629,4,1
629,5,1
629,6,0
629,7,0
629,8,1
629,9,0
630,0,0
630,1,0
630,2,0
630,3,0
630,4,1
630,5,1
630,6,0
630,7,0
630,8,1
630,9,0
631,0,0
631,1,1
631,2,1
631,3,0
631,4,1
631,5,1
631,6,1
631,7,1
631,8,1
631,9,0
632,0,0
632,1,1
632,2,1
632,3,1
632,4,0
632,5,0
632,6,0
632,7,1
632,8,1
632,9,1
633,0,0
633,1,1
633,2,1
633,3,1
633,4,1
633,5,0
633,6,0
633,7,1
633,8,1
633,9,0
634,0,0
634,1,1
634,2,1
634,3,1
634,4,1
634,5,0
634,6,1
634,7,1
634,8,1
634,9,0
635,0,1
635,1,0
635,2,1
635,3,0
635,4,0
635,5,1
635,6,0
635,7,1
635,8,1
635,9,0
636,0,0
636,1,0
636,2,1
636,3,1
636,4,1
636,5,0
636,6,1
636,7,1
636,8,0
636,9,0
637,0,0
637,1,0
637,2,1
637,3,0
637,4,0
637,5,1
637,6,0
637,7,1
637,8,1
637,9,0
638,0,0
638,1,0
638,2,1
638,3,0
638,4,1
638,5,1
638,6,0
638,7,0
638,8,0
638,9,0
639,0,0
639,1,1
639,2,1
639,3,1
639,4,1
639,5,1
639,6,1
639,7,1
639,8,0
639,9,0
640,0,0
640,1,0
640,2,1
640,3,0
640,4,1
640,5,0
640,6,0
640,7,0
640,8,1
640,9,0
641,0,1
641,1,0
641,2,1
641,3,0
641,4,0
641,5,0
641,6,0
641,7,0
641,8,1
641,9,0
642,0,0
642,1,0
642,2,1
642,3,1
642,4,0
642,5,1
642,6,0
642,7,1
642,8,0
642,9,0
643,0,0
643,1,1
643,2,1
643,3,0
643,4,0
643,5,0
643,6,0
643,7,1
643,8,1
643,9,0
644,0,0
644,1,1
644,2,1
644,3,1
644,4,1
644,5,0
644,6,1
644,7,0
644,8,1
644,9,0
645,0,0
645,1,0
645,2,1
645,3,0
645,4,0
645,5,0
645,6,0
645,7,1
645,8,0
645,9,0
646,0,0
646,1,0
646,2,1
646,3,1
646,4,1
646,5,0
646,6,1
646,7,0
646,8,0
646,9,0
647,0,0
647,1,0
647,2,1
647,3,1
647,4,1
647,5,0
647,6,1
647,7,1
647,8,0
647,9,0
648,0,0
648,1,0
648,2,1
648,3,0
648,4,0
648,5,0
648,6,0
648,7,0
648,8,1
648,9,0
649,0,0
649,1,1
649,2,1
649,3,1
649,4,1
649,5,1
649,6,1
649,7,1
649,8,0
649,9,0
650,0,0
650,1,1
650,2,0
650,3,0
650,4,1
650,5,0
650,6,1
650,7,1
650,8,1
650,9,0
651,0,0
651,1,0
651,2,1
651,3,0
651,4,1
651,5,0
651,6,0
651,7,1
651,8,0
651,9,1
652,0,0
652,1,0
652,2,1
652,3,1
652,4,0
652,5,0
652,6,1
652,7,0
652,8,0
652,9,0
653,0,0
653,1,0
653,2,1
653,3,1
653,4,0
653,5,0
653,6,0
653,7,0
653,8,1
653,9,0
654,0,0
654,1,0
654,2,1
654,3,1
654,4,1
654,5,0
654,6,1
654,7,1
654,8,1
654,9,0
655,0,0
655,1,0
655,2,1
655,3,0
655,4,1
655,5,0
655,6,1
655,7,1
655,8,1
655,9,0
656,0,0
656,1,1
656,2,1
656,3,0
656,4,0
656,5,0
656,6,0
656,7,1
656,8,1
656,9,0
657,0,0
657,1,0
657,2,0
657,3,1
657,4,0
657,5,0
657,6,1
657,7,1
657,8,0
657,9,0
658,0,0
658,1,1
658,2,1
658,3,1
658,4,1
658,5,0
658,6,0
658,7,0
658,8,1
658,9,0
659,0,0
659,1,1
659,2,1
659,3,1
659,4,0
659,5,0
659,6,0
659,7,1
659,8,1
659,9,0
660,0,0
660,1,0
660,2,1
660,3,1
660,4,1
660,5,1
660,6,1
660,7,1
660,8,1
660,9,0
661,0,0
661,1,1
661,2,1
661,3,1
661,4,1
661,5,0
661,6,0
661,7,0
661,8,1
661,9,0
662,0,0
662,1,0
662,2,1
662,3,1
662,4,1
662,5,0
662,6,0
662,7,1
662,8,0
662,9,0
663,0,0
663,1,1
663,2,0
663,3,0
663,4,0
663,5,0
663,6,0
663,7,1
663,8,0
663,9,0
664,0,0
664,1,0
664,2,1
664,3,0
664,4,0
664,5,0
664,6,0
664,7,1
664,8,1
664,9,0
665,0,0
665,1,1
665,2,1
665,3,1
665,4,1
665,5,0
665,6,1
665,7,0
665,8,0
665,9,0
666,0,0
666,1,0
666,2,1
666,3,1
666,4,1
666,5,0
666,6,1
666,7,1
666,8,1
666,9,0
667,0,0
667,1,0
667,2,1
667,3,1
667,4,0
667,5,1
667,6,0
667,7,0
667,8,1
667,9,0
668,0,1
668,1,0
668,2,1
668,3,0
668,4,1
668,5,0
668,6,1
668,7,1
668,8,1
668,9,0
669,0,0
669,1,0
669,2,1
669,3,0
669,4,0
669,5,0
669,6,0
669,7,0
669,8,0
669,9,0
670,0,0
670,1,0
670,2,1
670,3,0
670,4,0
670,5,0
670,6,0
670,7,0
670,8,0
670,9,0
671,0,0
671,1,1
671,2,1
671,3,1
671,4,0
671,5,0
671,6,0
671,7,1
671,8,1
671,9,0
672,0,0
672,1,1
672,2,1
672,3,0
672,4,0
672,5,0
672,6,0
672,7,0
672,8,1
672,9,0
673,0,0
673,1,0
673,2,1
673,3,0
673,4,1
673,5,0
673,6,0
673,7,0
673,8,1
673,9,0
674,0,0
674,1,1
674,2,1
674,3,0
674,4,1
674,5,1
674,6,1
674,7,1
674,8,0
674,9,0
675,0,1
675,1,0
675,2,0
675,3,1
675,4,0
675,5,1
675,6,0
675,7,0
675,8,1
675,9,0
676,0,0
676,1,0
676,2,1
676,3,1
676,4,1
676,5,0
676,6,1
676,7,1
676,8,0
676,9,1
677,0,0
677,1,0
677,2,1
677,3,0
677,4,1
677,5,0
677,6,0
677,7,1
677,8,1
677,9,0
678,0,1
678,1,0
678,2,1
678,3,0
678,4,1
678,5,0
678,6,0
678,7,0
678,8,0
678,9,0
679,0,0
679,1,1
679,2,1
679,3,1
679,4,1
679,5,0
679,6,1
679,7,0
679,8,1
679,9,0
680,0,0
680,1,0
680,2,1
680,3,1
680,4,1
680,5,1
680,6,0
680,7,1
680,8,0
680,9,0
681,0,0
681,1,0
681,2,1
681,3,0
681,4,1
681,5,0
681,6,0
681,7,0
681,8,0
681,9,0
682,0,0
682,1,1
682,2,1
682,3,1
682,4,0
682,5,0
682,6,1
682,7,0
682,8,1
682,9,0
683,0,0
683,1,1
683,2,1
683,3,0
683,4,1
683,5,0
683,6,0
683,7,0
683,8,0
683,9,1
684,0,0
684,1,0
684,2,1
684,3,1
684,4,1
684,5,0
684,6,1
684,7,1
684,8,1
684,9,0
685,0,0
685,1,0
685,2,1
685,3,1
685,4,1
685,5,0
685,6,0
685,7,1
685,8,0
685,9,0
686,0,0
686,1,0
686,2,0
686,3,0
686,4,0
686,5,0
686,6,0
686,7,1
686,8,1
686,9,0
687,0,0
687,1,1
687,2,1
687,3,1
687,4,1
687,5,0
687,6,0
687,7,1
687,8,0
687,9,0
688,0,0
688,1,0
688,2,1
688,3,1
688,4,1
688,5,0
688,6,0
688,7,1
688,8,0
688,9,0
689,0,0
689,1,0
689,2,1
689,3,0
689,4,0
689,5,0
689,6,1
689,7,1
689,8,1
689,9,0
690,0,0
690,1,0
690,2,1
690,3,0
690,4,1
690,5,1
690,6,1
690,7,1
690,8,0
690,9,0
691,0,0
691,1,0
691,2,1
691,3,0
691,4,1
691,5,0
691,6,0
691,7,0
691,8,0
691,9,0
692,0,0
692,1,0
692,2,1
692,3,0
692,4,1
692,5,1
692,6,1
692,7,0
692,8,0
692,9,0
693,0,0
693,1,0
693,2,1
693,3,0
693,4,0
693,5,0
693,6,1
693,7,1
693,8,1
693,9,1
694,0,0
694,1,1
694,2,1
694,3,1
694,4,1
694,5,0
694,6,1
694,7,1
694,8,0
694,9,0
695,0,0
695,1,0
695,2,1
695,3,0
695,4,1
695,5,0
695,6,1
695,7,0
695,8,0
695,9,0
696,0,0
696,1,1
696,2,1
696,3,1
696,4,0
696,5,0
696,6,1
696,7,1
696,8,0
696,9,1
697,0,1
697,1,0
697,2,1
697,3,0
697,4,1
697,5,0
697,6,0
697,7,1
697,8,1
697,9,0
698,0,0
698,1,1
698,2,1
698,3,0
698,4,0
698,5,0
698,6,0
698,7,1
698,8,1
698,9,0
699,0,0
699,1,0
699,2,0
699,3,0
699,4,1
699,5,0
699,6,1
699,7,1
699,8,0
699,9,0
700,0,0
700,1,0
700,2,1
700,3,1
700,4,0
700,5,0
700,6,0
700,7,1
700,8,1
700,9,0
701,0,0
701,1,1
701,2,1
701,3,0
701,4,0
701,5,0
701,6,0
701,7,0
701,8,0
701,9,0
702,0,0
702,1,0
702,2,1
702,3,0
702,4,0
702,5,0
702,6,1
702,7,0
702,8,0
702,9,0
703,0,0
703,1,0
703,2,1
703,3,1
703,4,1
703,5,0
703,6,1
703,7,1
703,8,0
703,9,0
704,0,0
704,1,0
704,2,1
704,3,1
704,4,1
704,5,1
704,6,1
704,7,1
704,8,1
704,9,0
705,0,0
705,1,0
705,2,1
705,3,0
705,4,0
705,5,1
705,6,1
705,7,1
705,8,0
705,9,0
706,0,0
706,1,1
706,2,1
706,3,0
706,4,1
706,5,1
706,6,0
706,7,1
706,8,1
706,9,0
707,0,0
707,1,1
707,2,1
707,3,0
707,4,1
707,5,1
707,6,1
707,7,0
707,8,0
707,9,0
708,0,0
708,1,1
708,2,1
708,3,1
708,4,1
708,5,0
708,6,1
708,7,1
708,8,1
708,9,0
709,0,0
709,1,0
709,2,1
709,3,1
709,4,1
709,5,0
709,6,1
709,7,1
709,8,1
709,9,0
710,0,0
710,1,1
710,2,1
710,3,1
710,4,1
710,5,0
710,6,0
710,7,0
710,8,1
710,9,0
711,0,0
711,1,1
711,2,1
711,3,1
711,4,0
711,5,1
711,6,1
711,7,1
711,8,1
711,9,0
712,0,0
712,1,0
712,2,1
712,3,1
712,4,0
712,5,0
712,6,0
712,7,1
712,8,1
712,9,1
713,0,0
713,1,1
713,2,1
713,3,0
713,4,1
713,5,0
713,6,1
713,7,0
713,8,1
713,9,0
714,0,0
714,1,0
714,2,1
714,3,1
714,4,0
714,5,0
714,6,0
714,7,1
714,8,1
714,9,0
715,0,0
715,1,0
715,2,1
715,3,0
715,4,1
715,5,0
715,6,1
715,7,1
715,8,1
715,9,0
716,0,0
716,1,1
716,2,1
716,3,1
716,4,0
716,5,0
716,6,1
716,7,0
716,8,0
716,9,1
717,0,0
717,1,0
717,2,1
717,3,0
717,4,1
717,5,0
717,6,1
717,7,1
717,8,1
717,9,0
718,0,0
718,1,1
718,2,1
718,3,0
718,4,1
718,5,0
718,6,1
718,7,1
718,8,1
718,9,0
719,0,0
719,1,0
719,2,1
719,3,0
719,4,0
719,5,0
719,6,0
719,7,1
719,8,1
719,9,0
720,0,0
720,1,0
720,2,1
720,3,0
720,4,1
720,5,0
720,6,1
720,7,0
720,8,0
720,9,0
721,0,0
721,1,0
721,2,1
721,3,0
721,4,1
721,5,0
721,6,1
721,7,1
721,8,1
721,9,0
722,0,0
722,1,0
722,2,1
722,3,1
722,4,1
722,5,0
722,6,1
722,7,1
722,8,1
722,9,0
723,0,0
723,1,0
723,2,0
723,3,0
723,4,1
723,5,0
723,6,1
723,7,1
723,8,1
723,9,1
724,0,0
724,1,0
724,2,1
724,3,0
724,4,0
724,5,0
724,6,1
724,7,1
724,8,1
724,9,0
725,0,0
725,1,0
725,2,0
725,3,1
725,4,1
725,5,0
725,6,0
725,7,1
725,8,0
725,9,0
726,0,0
726,1,1
726,2,1
726,3,0
726,4,1
726,5,1
726,6,1
726,7,1
726,8,1
726,9,0
727,0,0
727,1,1
727,2,1
727,3,0
727,4,1
727,5,0
727,6,0
727,7,1
727,8,1
727,9,0
728,0,0
728,1,0
728,2,1
728,3,0
728,4,0
728,5,0
728,6,1
728,7,1
728,8,0
728,9,0
729,0,0
729,1,1
729,2,1
729,3,1
729,4,1
729,5,0
729,6,0
729,7,1
729,8,1
729,9,0
730,0,0
730,1,1
730,2,1
730,3,1
730,4,1
730,5,0
730,6,1
730,7,0
730,8,1
730,9,0
731,0,0
731,1,0
731,2,1
731,3,1
731,4,1
731,5,0
731,6,1
731,7,1
731,8,1
731,9,0
732,0,0
732,1,0
732,2,1
732,3,1
732,4,1
732,5,0
732,6,1
732,7,0
732,8,0
732,9,0
733,0,0
733,1,0
733,2,1
733,3,0
733,4,0
733,5,0
733,6,0
733,7,1
733,8,1
733,9,0
734,0,1
734,1,0
734,2,0
734,3,1
734,4,0
734,5,0
734,6,0
734,7,0
734,8,0
734,9,0
735,0,0
735,1,1
735,2,1
735,3,0
735,4,1
735,5,0
735,6,0
735,7,1
735,8,0
735,9,0
736,0,0
736,1,0
736,2,1
736,3,0
736,4,1
736,5,1
736,6,0
736,7,0
736,8,0
736,9,0
737,0,0
737,1,1
737,2,1
737,3,1
737,4,1
737,5,0
737,6,1
737,7,1
737,8,0
737,9,1
738,0,0
738,1,1
738,2,1
738,3,1
738,4,0
738,5,0
738,6,1
738,7,1
738,8,0
738,9,0
739,0,0
739,1,0
739,2,1
739,3,0
739,4,0
739,5,0
739,6,0
739,7,1
739,8,1
739,9,0
740,0,0
740,1,0
740,2,1
740,3,1
740,4,0
740,5,0
740,6,0
740,7,1
740,8,0
740,9,0
741,0,0
741,1,0
741,2,1
741,3,1
741,4,1
741,5,0
741,6,1
741,7,1
741,8,1
741,9,0
742,0,0
742,1,0
742,2,1
742,3,0
742,4,0
742,5,0
742,6,1
742,7,1
742,8,0
742,9,0
743,0,0
743,1,1
743,2,1
743,3,0
743,4,1
743,5,1
743,6,0
743,7,1
743,8,1
743,9,0
744,0,0
744,1,1
744,2,0
744,3,0
744,4,1
744,5,0
744,6,0
744,7,0
744,8,0
744,9,0
745,0,1
745,1,0
745,2,1
745,3,0
745,4,1
745,5,0
745,6,1
745,7,0
745,8,0
745,9,0
746,0,0
746,1,0
746,2,1
746,3,0
746,4,1
746,5,0
746,6,1
746,7,1
746,8,0
746,9,0
747,0,0
747,1,0
747,2,1
747,3,0
747,4,1
747,5,1
747,6,1
747,7,1
747,8,0
747,9,0
748,0,0
748,1,0
748,2,1
748,3,0
748,4,1
748,5,0
748,6,0
748,7,1
748,8,0
748,9,0
749,0,0
749,1,0
749,2,0
749,3,1
749,4,1
749,5,0
749,6,1
749,7,0
749,8,0
749,9,0
750,0,0
750,1,0
750,2,1
750,3,0
750,4,1
750,5,0
750,6,1
750,7,0
750,8,1
750,9,1
751,0,1
751,1,1
751,2,1
751,3,0
751,4,0
751,5,0
751,6,0
751,7,1
751,8,1
751,9,0
752,0,0
752,1,0
752,2,1
752,3,1
752,4,0
752,5,0
752,6,1
752,7,0
752,8,1
752,9,0
753,0,0
753,1,0
753,2,1
753,3,0
753,4,0
753,5,0
753,6,0
753,7,1
753,8,0
753,9,0
754,0,0
754,1,0
754,2,1
754,3,1
754,4,0
754,5,0
754,6,1
754,7,1
754,8,0
754,9,0
755,0,0
755,1,0
755,2,1
755,3,0
755,4,1
755,5,0
755,6,0
755,7,1
755,8,0
755,9,0
756,0,0
756,1,0
756,2,1
756,3,1
756,4,1
756,5,1
756,6,1
756,7,1
756,8,1
756,9,0
757,0,0
757,1,0
757,2,1
757,3,1
757,4,1
757,5,1
757,6,1
757,7,1
757,8,1
757,9,0
758,0,0
758,1,0
758,2,1
758,3,1
758,4,1
758,5,0
758,6,1
758,7,1
758,8,1
758,9,0
759,0,0
759,1,1
759,2,1
759,3,0
759,4,1
759,5,1
759,6,0
759,7,0
759,8,1
759,9,1
760,0,0
760,1,0
760,2,1
760,3,1
760,4,0
760,5,0
760,6,1
760,7,0
760,8,1
760,9,0
761,0,0
761,1,0
761,2,1
761,3,1
761,4,1
761,5,0
761,6,1
761,7,0
761,8,0
761,9,0
762,0,0
762,1,0
762,2,1
762,3,1
762,4,0
762,5,0
762,6,1
762,7,1
762,8,0
762,9,0
763,0,0
763,1,1
763,2,1
763,3,1
763,4,1
763,5,0
763,6,0
763,7,1
763,8,1
763,9,0
764,0,0
764,1,0
764,2,1
764,3,1
764,4,1
764,5,0
764,6,0
764,7,1
764,8,1
764,9,0
765,0,0
765,1,1
765,2,0
765,3,1
765,4,1
765,5,0
765,6,0
765,7,1
765,8,0
765,9,0
766,0,0
766,1,0
766,2,1
766,3,1
766,4,0
766,5,0
766,6,0
766,7,1
766,8,1
766,9,0
767,0,0
767,1,0
767,2,1
767,3,1
767,4,1
767,5,0
767,6,0
767,7,0
767,8,0
767,9,0
768,0,0
768,1,0
768,2,1
768,3,0
768,4,1
768,5,0
768,6,0
768,7,1
768,8,0
768,9,0
769,0,0
769,1,0
769,2,1
769,3,1
769,4,1
769,5,0
769,6,0
769,7,1
769,8,1
769,9,0
770,0,0
770,1,0
770,2,1
770,3,1
770,4,1
770,5,0
770,6,1
770,7,1
770,8,1
770,9,0
771,0,0
771,1,0
771,2,1
771,3,0
771,4,0
771,5,0
771,6,1
771,7,1
771,8,0
771,9,0
772,0,0
772,1,0
772,2,0
772,3,1
772,4,0
772,5,0
772,6,1
772,7,0
772,8,0
772,9,0
773,0,1
773,1,1
773,2,1
773,3,1
773,4,0
773,5,0
773,6,0
773,7,1
773,8,0
773,9,0
774,0,0
774,1,0
774,2,1
774,3,0
774,4,1
774,5,0
774,6,1
774,7,1
774,8,0
774,9,0
775,0,0
775,1,0
775,2,0
775,3,0
775,4,0
775,5,1
775,6,0
775,7,1
775,8,0
775,9,0
776,0,1
776,1,1
776,2,1
776,3,1
776,4,0
776,5,0
776,6,1
776,7,1
776,8,0
776,9,0
777,0,0
777,1,0
777,2,1
777,3,1
777,4,0
777,5,0
777,6,1
777,7,1
777,8,0
777,9,0
778,0,0
778,1,0
778,2,1
778,3,1
778,4,0
778,5,0
778,6,1
778,7,0
778,8,0
778,9,0
779,0,0
779,1,0
779,2,1
779,3,0
779,4,1
779,5,0
779,6,1
779,7,0
779,8,0
779,9,0
780,0,0
780,1,0
780,2,1
780,3,0
780,4,0
780,5,1
780,6,0
780,7,1
780,8,1
780,9,1
781,0,0
781,1,0
781,2,1
781,3,1
781,4,0
781,5,1
781,6,0
781,7,1
781,8,0
781,9,0
782,0,0
782,1,0
782,2,1
782,3,0
782,4,1
782,5,0
782,6,0
782,7,1
782,8,0
782,9,0
783,0,0
783,1,0
783,2,1
783,3,1
783,4,1
783,5,1
783,6,0
783,7,1
783,8,1
783,9,0
784,0,0
784,1,1
784,2,0
784,3,1
784,4,0
784,5,0
784,6,0
784,7,1
784,8,1
784,9,0
785,0,0
785,1,0
785,2,1
785,3,0
785,4,1
785,5,0
785,6,1
785,7,0
785,8,1
785,9,0
786,0,0
786,1,0
786,2,1
786,3,0
786,4,0
786,5,0
786,6,0
786,7,1
786,8,0
786,9,0
787,0,0
787,1,0
787,2,1
787,3,1
787,4,0
787,5,1
787,6,0
787,7,1
787,8,0
787,9,0
788,0,0
788,1,1
788,2,0
788,3,0
788,4,1
788,5,1
788,6,1
788,7,1
788,8,0
788,9,0
789,0,0
789,1,0
789,2,1
789,3,1
789,4,1
789,5,0
789,6,0
789,7,1
789,8,0
789,9,0
790,0,0
790,1,0
790,2,1
790,3,0
790,4,1
790,5,0
790,6,1
790,7,0
790,8,1
790,9,0
791,0,0
791,1,1
791,2,1
791,3,0
791,4,1
791,5,0
791,6,1
791,7,1
791,8,1
791,9,0
792,0,0
792,1,0
792,2,1
792,3,1
792,4,1
792,5,1
792,6,0
792,7,1
792,8,1
792,9,0
793,0,0
793,1,0
793,2,1
793,3,1
793,4,1
793,5,0
793,6,0
793,7,0
793,8,0
793,9,0
794,0,0
794,1,1
794,2,1
794,3,0
794,4,1
794,5,0
794,6,1
794,7,0
794,8,1
794,9,0
795,0,0
795,1,0
795,2,1
795,3,0
795,4,0
795,5,1
795,6,0
795,7,1
795,8,1
795,9,0
796,0,0
796,1,0
796,2,1
796,3,1
796,4,1
796,5,0
796,6,0
796,7,0
796,8,0
796,9,0
797,0,0
797,1,0
797,2,1
797,3,0
797,4,0
797,5,1
797,6,1
797,7,1
797,8,0
797,9,0
798,0,0
798,1,0
798,2,1
798,3,1
798,4,1
798,5,1
798,6,0
798,7,0
798,8,1
798,9,0
799,0,0
799,1,0
799,2,1
799,3,1
799,4,1
799,5,0
799,6,1
799,7,0
799,8,1
799,9,0
800,0,0
800,1,0
800,2,1
800,3,0
800,4,1
800,5,0
800,6,0
800,7,1
800,8,0
800,9,0
801,0,0
801,1,0
801,2,1
801,3,0
801,4,1
801,5,0
801,6,0
801,7,1
801,8,0
801,9,1
802,0,0
802,1,0
802,2,0
802,3,0
802,4,1
802,5,0
802,6,1
802,7,1
802,8,1
802,9,0
803,0,0
803,1,0
803,2,1
803,3,0
803,4,1
803,5,1
803,6,1
803,7,0
803,8,0
803,9,0
804,0,0
804,1,0
804,2,1
804,3,1
804,4,0
804,5,0
804,6,0
804,7,1
804,8,1
804,9,0
805,0,0
805,1,0
805,2,1
805,3,1
805,4,0
805,5,0
805,6,0
805,7,1
805,8,1
805,9,1
806,0,0
806,1,0
806,2,0
806,3,0
806,4,1
806,5,0
806,6,0
806,7,1
806,8,0
806,9,0
807,0,0
807,1,1
807,2,0
807,3,1
807,4,1
807,5,1
807,6,0
807,7,1
807,8,1
807,9,0
808,0,0
808,1,0
808,2,1
808,3,1
808,4,1
808,5,1
808,6,1
808,7,0
808,8,1
808,9,0
809,0,0
809,1,0
809,2,1
809,3,1
809,4,1
809,5,1
809,6,0
809,7,0
809,8,1
809,9,0
810,0,0
810,1,1
810,2,1
810,3,1
810,4,0
810,5,1
810,6,0
810,7,1
810,8,0
810,9,0
811,0,0
811,1,0
811,2,0
811,3,0
811,4,1
811,5,0
811,6,0
811,7,1
811,8,0
811,9,1
812,0,0
812,1,1
812,2,1
812,3,1
812,4,0
812,5,0
812,6,0
812,7,1
812,8,1
812,9,0
813,0,0
813,1,0
813,2,1
813,3,1
813,4,0
813,5,0
813,6,0
813,7,0
813,8,0
813,9,0
814,0,0
814,1,1
814,2,1
814,3,0
814,4,0
814,5,0
814,6,1
814,7,1
814,8,1
814,9,0
815,0,0
815,1,1
815,2,1
815,3,0
815,4,1
815,5,0
815,6,1
815,7,1
815,8,0
815,9,0
816,0,1
816,1,0
816,2,1
816,3,1
816,4,1
816,5,0
816,6,1
816,7,0
816,8,1
816,9,0
817,0,0
817,1,0
817,2,0
817,3,0
817,4,1
817,5,0
817,6,1
817,7,1
817,8,0
817,9,0
818,0,0
818,1,0
818,2,1
818,3,1
818,4,1
818,5,0
818,6,0
818,7,1
818,8,1
818,9,0
819,0,0
819,1,0
819,2,1
819,3,1
819,4,1
819,5,0
819,6,1
819,7,0
819,8,1
819,9,0
820,0,0
820,1,0
820,2,1
820,3,1
820,4,1
820,5,1
820,6,1
820,7,1
820,8,1
820,9,0
821,0,0
821,1,0
821,2,1
821,3,1
821,4,1
821,5,0
821,6,1
821,7,0
821,8,0
821,9,0
822,0,0
822,1,1
822,2,1
822,3,0
822,4,1
822,5,1
822,6,0
822,7,0
822,8,1
822,9,1
823,0,0
823,1,0
823,2,1
823,3,1
823,4,1
823,5,1
823,6,1
823,7,1
823,8,1
823,9,0
824,0,0
824,1,1
824,2,1
824,3,1
824,4,0
824,5,0
824,6,1
824,7,1
824,8,0
824,9,0
825,0,0
825,1,1
825,2,1
825,3,0
825,4,1
825,5,0
825,6,1
825,7,0
825,8,1
825,9,1
826,0,0
826,1,0
826,2,1
826,3,0
826,4,0
826,5,1
826,6,0
826,7,1
826,8,1
826,9,0
827,0,0
827,1,1
827,2,1
827,3,1
827,4,0
827,5,0
827,6,0
827,7,0
827,8,1
827,9,0
828,0,0
828,1,0
828,2,1
828,3,1
828,4,1
828,5,1
828,6,0
828,7,0
828,8,0
828,9,0
829,0,0
829,1,1
829,2,1
829,3,1
829,4,1
829,5,0
829,6,1
829,7,1
829,8,0
829,9,1
830,0,0
830,1,0
830,2,1
830,3,0
830,4,1
830,5,1
830,6,1
830,7,1
830,8,0
830,9,0
831,0,0
831,1,1
831,2,1
831,3,1
831,4,1
831,5,0
831,6,1
831,7,0
831,8,0
831,9,0
832,0,1
832,1,1
832,2,1
832,3,1
832,4,0
832,5,0
832,6,0
832,7,0
832,8,1
832,9,0
833,0,0
833,1,0
833,2,1
833,3,0
833,4,1
833,5,0
833,6,0
833,7,0
833,8,1
833,9,0
834,0,0
834,1,0
834,2,1
834,3,1
834,4,1
834,5,0
834,6,0
834,7,1
834,8,1
834,9,0
835,0,0
835,1,0
835,2,1
835,3,0
835,4,1
835,5,0
835,6,1
835,7,1
835,8,1
835,9,0
836,0,0
836,1,0
836,2,0
836,3,0
836,4,1
836,5,1
836,6,1
836,7,1
836,8,1
836,9,1
837,0,0
837,1,1
837,2,1
837,3,0
837,4,0
837,5,1
837,6,1
837,7,1
837,8,0
837,9,0
838,0,0
838,1,0
838,2,1
838,3,1
838,4,1
838,5,0
838,6,0
838,7,1
838,8,0
838,9,0
839,0,0
839,1,1
839,2,1
839,3,0
839,4,1
839,5,0
839,6,1
839,7,1
839,8,1
839,9,0
840,0,0
840,1,0
840,2,0
840,3,1
840,4,1
840,5,0
840,6,0
840,7,0
840,8,0
840,9,0
841,0,0
841,1,1
841,2,0
841,3,1
841,4,1
841,5,0
841,6,1
841,7,0
841,8,0
841,9,0
842,0,0
842,1,0
842,2,1
842,3,1
842,4,1
842,5,0
842,6,1
842,7,1
842,8,1
842,9,0
843,0,0
843,1,0
843,2,1
843,3,1
843,4,0
843,5,0
843,6,0
843,7,1
843,8,1
843,9,0
844,0,0
844,1,0
844,2,1
844,3,0
844,4,0
844,5,0
844,6,0
844,7,1
844,8,0
844,9,0
845,0,0
845,1,1
845,2,1
845,3,0
845,4,1
845,5,1
845,6,1
845,7,1
845,8,1
845,9,0
846,0,0
846,1,0
846,2,1
846,3,1
846,4,0
846,5,0
846,6,0
846,7,1
846,8,1
846,9,0
847,0,0
847,1,0
847,2,1
847,3,0
847,4,1
847,5,0
847,6,1
847,7,1
847,8,1
847,9,0
848,0,0
848,1,0
848,2,1
848,3,0
848,4,1
848,5,0
848,6,0
848,7,1
848,8,1
848,9,0
849,0,0
849,1,0
849,2,1
849,3,0
849,4,0
849,5,0
849,6,1
849,7,0
849,8,1
849,9,0
850,0,1
850,1,0
850,2,1
850,3,0
850,4,1
850,5,1
850,6,0
850,7,1
850,8,1
850,9,0
851,0,0
851,1,0
851,2,1
851,3,0
851,4,1
851,5,0
851,6,0
851,7,0
851,8,1
851,9,1
852,0,0
852,1,0
852,2,0
852,3,0
852,4,1
852,5,0
852,6,0
852,7,0
852,8,1
852,9,0
853,0,0
853,1,0
853,2,0
853,3,1
853,4,1
853,5,0
853,6,1
853,7,0
853,8,1
853,9,1
854,0,0
854,1,1
854,2,1
854,3,1
854,4,0
854,5,0
854,6,0
854,7,1
854,8,0
854,9,0
855,0,0
855,1,1
855,2,1
855,3,1
855,4,0
855,5,0
855,6,0
855,7,0
855,8,0
855,9,0
856,0,0
856,1,1
856,2,1
856,3,1
856,4,0
856,5,0
856,6,1
856,7,1
856,8,1
856,9,0
857,0,0
857,1,0
857,2,1
857,3,1
857,4,1
857,5,1
857,6,0
857,7,1
857,8,0
857,9,1
858,0,0
858,1,1
858,2,1
858,3,1
858,4,0
858,5,0
858,6,0
858,7,1
858,8,0
858,9,0
859,0,0
859,1,0
859,2,1
859,3,1
859,4,1
859,5,0
859,6,0
859,7,1
859,8,1
859,9,0
860,0,1
860,1,1
860,2,1
860,3,0
860,4,1
860,5,0
860,6,0
860,7,1
860,8,1
860,9,0
861,0,0
861,1,0
861,2,1
861,3,1
861,4,1
861,5,0
861,6,1
861,7,1
861,8,0
861,9,0
862,0,0
862,1,0
862,2,1
862,3,1
862,4,1
862,5,0
862,6,1
862,7,1
862,8,1
862,9,0
863,0,0
863,1,0
863,2,0
863,3,1
863,4,0
863,5,0
863,6,1
863,7,0
863,8,0
863,9,0
864,0,0
864,1,0
864,2,1
864,3,1
864,4,1
864,5,0
864,6,1
864,7,1
864,8,1
864,9,0
865,0,0
865,1,0
865,2,1
865,3,0
865,4,0
865,5,0
865,6,1
865,7,1
865,8,1
865,9,0
866,0,0
866,1,1
866,2,1
866,3,0
866,4,1
866,5,0
866,6,0
866,7,1
866,8,0
866,9,0
867,0,0
867,1,1
867,2,1
867,3,0
867,4,1
867,5,0
867,6,0
867,7,0
867,8,0
867,9,0
868,0,0
868,1,0
868,2,1
868,3,0
868,4,0
868,5,0
868,6,0
868,7,1
868,8,1
868,9,0
869,0,0
869,1,1
869,2,1
869,3,0
869,4,0
869,5,0
869,6,1
869,7,0
869,8,0
869,9,0
870,0,0
870,1,0
870,2,0
870,3,1
870,4,1
870,5,0
870,6,0
870,7,1
870,8,1
870,9,1
871,0,0
871,1,0
871,2,1
871,3,0
871,4,1
871,5,0
871,6,0
871,7,0
871,8,0
871,9,1
872,0,0
872,1,1
872,2,1
872,3,1
872,4,1
872,5,0
872,6,1
872,7,1
872,8,1
872,9,0
873,0,0
873,1,0
873,2,1
873,3,1
873,4,0
873,5,0
873,6,1
873,7,1
873,8,1
873,9,0
874,0,0
874,1,1
874,2,1
874,3,0
874,4,1
874,5,0
874,6,1
874,7,0
874,8,1
874,9,0
875,0,0
875,1,0
875,2,0
875,3,1
875,4,1
875,5,0
875,6,1
875,7,1
875,8,1
875,9,0
876,0,0
876,1,1
876,2,1
876,3,1
876,4,1
876,5,0
876,6,1
876,7,1
876,8,1
876,9,0
877,0,0
877,1,0
877,2,1
877,3,0
877,4,0
877,5,0
877,6,0
877,7,1
877,8,1
877,9,0
878,0,0
878,1,1
878,2,1
878,3,0
878,4,1
878,5,0
878,6,0
878,7,0
878,8,1
878,9,0
879,0,0
879,1,0
879,2,1
879,3,0
879,4,0
879,5,0
879,6,0
879,7,1
879,8,1
879,9,0
880,0,0
880,1,0
880,2,1
880,3,0
880,4,0
880,5,0
880,6,1
880,7,0
880,8,1
880,9,0
881,0,0
881,1,1
881,2,1
881,3,0
881,4,1
881,5,0
881,6,0
881,7,0
881,8,0
881,9,0
882,0,0
882,1,1
882,2,1
882,3,1
882,4,0
882,5,0
882,6,1
882,7,1
882,8,1
882,9,0
883,0,0
883,1,0
883,2,1
883,3,1
883,4,1
883,5,0
883,6,1
883,7,1
883,8,0
883,9,0
884,0,0
884,1,0
884,2,1
884,3,0
884,4,0
884,5,0
884,6,0
884,7,1
884,8,1
884,9,0
885,0,0
885,1,1
885,2,1
885,3,0
885,4,0
885,5,0
885,6,0
885,7,1
885,8,0
885,9,0
886,0,0
886,1,0
886,2,1
886,3,1
886,4,1
886,5,0
886,6,0
886,7,1
886,8,1
886,9,0
887,0,0
887,1,0
887,2,1
887,3,0
887,4,1
887,5,0
887,6,0
887,7,1
887,8,0
887,9,0
888,0,0
888,1,0
888,2,1
888,3,0
888,4,1
888,5,0
888,6,1
888,7,1
888,8,0
888,9,0
889,0,0
889,1,0
889,2,0
889,3,0
889,4,1
889,5,0
889,6,0
889,7,0
889,8,0
889,9,0
890,0,0
890,1,1
890,2,0
890,3,0
890,4,0
890,5,1
890,6,1
890,7,0
890,8,1
890,9,0
891,0,0
891,1,1
891,2,1
891,3,0
891,4,1
891,5,0
891,6,1
891,7,1
891,8,1
891,9,0
892,0,0
892,1,0
892,2,1
892,3,1
892,4,1
892,5,0
892,6,1
892,7,0
892,8,0
892,9,0
893,0,0
893,1,1
893,2,1
893,3,0
893,4,0
893,5,0
893,6,0
893,7,0
893,8,1
893,9,0
894,0,0
894,1,1
894,2,1
894,3,1
894,4,1
894,5,0
894,6,1
894,7,1
894,8,0
894,9,0
895,0,0
895,1,0
895,2,1
895,3,1
895,4,1
895,5,0
895,6,0
895,7,0
895,8,1
895,9,0
896,0,0
896,1,0
896,2,0
896,3,0
896,4,0
896,5,1
896,6,0
896,7,0
896,8,0
896,9,0
897,0,0
897,1,0
897,2,0
897,3,0
897,4,1
897,5,0
897,6,1
897,7,1
897,8,1
897,9,0
898,0,0
898,1,1
898,2,1
898,3,1
898,4,1
898,5,0
898,6,0
898,7,1
898,8,0
898,9,0
899,0,0
899,1,0
899,2,1
899,3,0
899,4,1
899,5,0
899,6,1
899,7,1
899,8,0
899,9,0
900,0,0
900,1,1
900,2,1
900,3,1
900,4,1
900,5,0
900,6,1
900,7,0
900,8,1
900,9,1
901,0,0
901,1,0
901,2,1
901,3,0
901,4,1
901,5,0
901,6,0
901,7,0
901,8,1
901,9,1
902,0,0
902,1,0
902,2,1
902,3,1
902,4,1
902,5,0
902,6,1
902,7,1
902,8,1
902,9,0
903,0,0
903,1,0
903,2,1
903,3,1
903,4,0
903,5,0
903,6,0
903,7,1
903,8,0
903,9,1
904,0,0
904,1,0
904,2,1
904,3,1
904,4,1
904,5,1
904,6,0
904,7,1
904,8,0
904,9,0
905,0,0
905,1,0
905,2,1
905,3,0
905,4,1
905,5,0
905,6,0
905,7,0
905,8,1
905,9,0
906,0,0
906,1,1
906,2,1
906,3,1
906,4,1
906,5,0
906,6,1
906,7,0
906,8,1
906,9,0
907,0,0
907,1,0
907,2,1
907,3,0
907,4,0
907,5,0
907,6,1
907,7,1
907,8,0
907,9,0
908,0,0
908,1,1
908,2,1
908,3,1
908,4,1
908,5,0
908,6,0
908,7,0
908,8,1
908,9,0
909,0,0
909,1,0
909,2,0
909,3,0
909,4,0
909,5,0
909,6,1
909,7,1
909,8,0
909,9,0
910,0,1
910,1,1
910,2,1
910,3,1
910,4,1
910,5,0
910,6,1
910,7,0
910,8,0
910,9,0
911,0,1
911,1,0
911,2,1
911,3,1
911,4,0
911,5,0
911,6,1
911,7,0
911,8,0
911,9,0
912,0,0
912,1,0
912,2,1
912,3,1
912,4,0
912,5,0
912,6,0
912,7,1
912,8,1
912,9,0
913,0,1
913,1,1
913,2,1
913,3,1
913,4,1
913,5,1
913,6,1
913,7,1
913,8,1
913,9,0
914,0,0
914,1,0
914,2,1
914,3,0
914,4,0
914,5,0
914,6,1
914,7,0
914,8,1
914,9,0
915,0,1
915,1,1
915,2,1
915,3,0
915,4,1
915,5,1
915,6,1
915,7,1
915,8,1
915,9,1
916,0,0
916,1,0
916,2,1
916,3,0
916,4,0
916,5,0
916,6,1
916,7,0
916,8,1
916,9,0
917,0,0
917,1,0
917,2,1
917,3,0
917,4,1
917,5,0
917,6,1
917,7,1
917,8,1
917,9,0
918,0,0
918,1,1
918,2,1
918,3,0
918,4,1
918,5,0
918,6,0
918,7,1
918,8,0
918,9,0
919,0,0
919,1,0
919,2,1
919,3,0
919,4,1
919,5,1
919,6,0
919,7,1
919,8,0
919,9,0
920,0,0
920,1,0
920,2,1
920,3,1
920,4,1
920,5,0
920,6,1
920,7,1
920,8,1
920,9,0
921,0,0
921,1,0
921,2,1
921,3,1
921,4,1
921,5,0
921,6,1
921,7,1
921,8,0
921,9,0
922,0,1
922,1,1
922,2,1
922,3,0
922,4,1
922,5,0
922,6,1
922,7,1
922,8,1
922,9,0
923,0,0
923,1,0
923,2,1
923,3,0
923,4,1
923,5,0
923,6,0
923,7,1
923,8,0
923,9,0
924,0,0
924,1,0
924,2,1
924,3,0
924,4,1
924,5,0
924,6,0
924,7,1
924,8,1
924,9,0
925,0,0
925,1,1
925,2,1
925,3,1
925,4,0
925,5,0
925,6,1
925,7,0
925,8,1
925,9,0
926,0,0
926,1,0
926,2,0
926,3,0
926,4,0
926,5,0
926,6,1
926,7,1
926,8,1
926,9,0
927,0,0
927,1,0
927,2,0
927,3,1
927,4,0
927,5,0
927,6,1
927,7,1
927,8,1
927,9,0
928,0,0
928,1,0
928,2,1
928,3,0
928,4,1
928,5,0
928,6,0
928,7,1
928,8,0
928,9,1
929,0,0
929,1,1
929,2,1
929,3,1
929,4,0
929,5,0
929,6,0
929,7,1
929,8,0
929,9,0
930,0,0
930,1,0
930,2,1
930,3,0
930,4,1
930,5,0
930,6,0
930,7,1
930,8,0
930,9,0
931,0,0
931,1,0
931,2,1
931,3,1
931,4,0
931,5,0
931,6,1
931,7,0
931,8,1
931,9,0
932,0,0
932,1,0
932,2,1
932,3,0
932,4,1
932,5,0
932,6,1
932,7,1
932,8,1
932,9,0
933,0,0
933,1,1
933,2,1
933,3,1
933,4,0
933,5,0
933,6,0
933,7,0
933,8,0
933,9,0
934,0,0
934,1,1
934,2,1
934,3,0
934,4,0
934,5,1
934,6,0
934,7,1
934,8,1
934,9,0
935,0,0
935,1,0
935,2,1
935,3,1
935,4,0
935,5,0
935,6,1
935,7,1
935,8,1
935,9,0
936,0,0
936,1,1
936,2,1
936,3,0
936,4,1
936,5,0
936,6,1
936,7,1
936,8,0
936,9,0
937,0,0
937,1,0
937,2,1
937,3,1
937,4,1
937,5,1
937,6,0
937,7,1
937,8,1
937,9,0
938,0,0
938,1,0
938,2,1
938,3,0
938,4,0
938,5,0
938,6,0
938,7,1
938,8,1
938,9,0
939,0,0
939,1,0
939,2,1
939,3,1
939,4,0
939,5,0
939,6,1
939,7,0
939,8,0
939,9,0
940,0,1
940,1,0
940,2,1
940,3,1
940,4,1
940,5,0
940,6,1
940,7,0
940,8,1
940,9,0
941,0,1
941,1,0
941,2,1
941,3,0
941,4,1
941,5,1
941,6,1
941,7,1
941,8,1
941,9,1
942,0,0
942,1,0
942,2,1
942,3,0
942,4,0
942,5,0
942,6,0
942,7,1
942,8,1
942,9,0
943,0,0
943,1,0
943,2,1
943,3,0
943,4,0
943,5,0
943,6,1
943,7,1
943,8,1
943,9,0
944,0,0
944,1,0
944,2,1
944,3,1
944,4,0
944,5,1
944,6,0
944,7,1
944,8,1
944,9,0
945,0,0
945,1,1
945,2,1
945,3,0
945,4,1
945,5,1
945,6,0
945,7,1
945,8,0
945,9,0
946,0,0
946,1,0
946,2,1
946,3,0
946,4,0
946,5,0
946,6,0
946,7,1
946,8,0
946,9,0
947,0,0
947,1,0
947,2,1
947,3,1
947,4,1
947,5,1
947,6,0
947,7,0
947,8,0
947,9,0
948,0,0
948,1,0
948,2,1
948,3,1
948,4,0
948,5,0
948,6,1
948,7,1
948,8,1
948,9,0
949,0,0
949,1,1
949,2,1
949,3,1
949,4,1
949,5,1
949,6,0
949,7,1
949,8,1
949,9,0
950,0,0
950,1,0
950,2,1
950,3,1
950,4,0
950,5,0
950,6,1
950,7,0
950,8,1
950,9,0
951,0,0
951,1,0
951,2,1
951,3,1
951,4,0
951,5,0
951,6,0
951,7,1
951,8,0
951,9,0
952,0,0
952,1,1
952,2,1
952,3,1
952,4,0
952,5,0
952,6,1
952,7,1
952,8,0
952,9,0
953,0,0
953,1,0
953,2,1
953,3,0
953,4,1
953,5,0
953,6,0
953,7,1
953,8,0
953,9,1
954,0,0
954,1,0
954,2,1
954,3,0
954,4,1
954,5,0
954,6,1
954,7,1
954,8,1
954,9,0
955,0,0
955,1,0
955,2,1
955,3,0
955,4,1
955,5,0
955,6,1
955,7,1
955,8,1
955,9,0
956,0,0
956,1,0
956,2,0
956,3,0
956,4,1
956,5,0
956,6,0
956,7,0
956,8,1
956,9,0
957,0,0
957,1,1
957,2,1
957,3,0
957,4,1
957,5,0
957,6,0
957,7,0
957,8,0
957,9,0
958,0,0
958,1,0
958,2,1
958,3,1
958,4,1
958,5,0
958,6,1
958,7,1
958,8,0
958,9,0
959,0,1
959,1,0
959,2,1
959,3,1
959,4,0
959,5,0
959,6,0
959,7,0
959,8,1
959,9,0
960,0,0
960,1,0
960,2,1
960,3,1
960,4,1
960,5,0
960,6,1
960,7,1
960,8,1
960,9,1
961,0,0
961,1,0
961,2,1
961,3,0
961,4,1
961,5,0
961,6,1
961,7,1
961,8,0
961,9,0
962,0,0
962,1,1
962,2,1
962,3,1
962,4,0
962,5,0
962,6,1
962,7,1
962,8,0
962,9,0
963,0,0
963,1,0
963,2,1
963,3,1
963,4,1
963,5,1
963,6,0
963,7,1
963,8,1
963,9,0
964,0,0
964,1,1
964,2,1
964,3,1
964,4,1
964,5,0
964,6,1
964,7,0
964,8,0
964,9,0
965,0,0
965,1,0
965,2,1
965,3,0
965,4,1
965,5,0
965,6,0
965,7,1
965,8,0
965,9,0
966,0,0
966,1,1
966,2,1
966,3,1
966,4,1
966,5,1
966,6,0
966,7,1
966,8,1
966,9,0
967,0,0
967,1,0
967,2,1
967,3,0
967,4,1
967,5,0
967,6,0
967,7,0
967,8,1
967,9,0
968,0,0
968,1,1
968,2,0
968,3,1
968,4,1
968,5,0
968,6,0
968,7,1
968,8,1
968,9,0
969,0,0
969,1,1
969,2,1
969,3,0
969,4,0
969,5,0
969,6,0
969,7,1
969,8,0
969,9,0
970,0,0
970,1,0
970,2,1
970,3,0
970,4,1
970,5,1
970,6,1
970,7,0
970,8,0
970,9,0
971,0,0
971,1,0
971,2,1
971,3,1
971,4,1
971,5,0
971,6,0
971,7,1
971,8,0
971,9,0
972,0,0
972,1,1
972,2,1
972,3,1
972,4,1
972,5,0
972,6,1
972,7,0
972,8,0
972,9,0
973,0,0
973,1,0
973,2,1
973,3,1
973,4,1
973,5,0
973,6,1
973,7,1
973,8,1
973,9,0
974,0,0
974,1,1
974,2,1
974,3,1
974,4,1
974,5,0
974,6,0
974,7,1
974,8,0
974,9,0
975,0,0
975,1,1
975,2,1
975,3,0
975,4,1
975,5,0
975,6,1
975,7,1
975,8,0
975,9,0
976,0,0
976,1,0
976,2,1
976,3,1
976,4,1
976,5,0
976,6,0
976,7,0
976,8,0
976,9,0
977,0,0
977,1,0
977,2,1
977,3,0
977,4,1
977,5,1
977,6,0
977,7,0
977,8,1
977,9,0
978,0,0
978,1,1
978,2,1
978,3,0
978,4,1
978,5,0
978,6,1
978,7,0
978,8,1
978,9,0
979,0,0
979,1,1
979,2,1
979,3,0
979,4,1
979,5,1
979,6,0
979,7,1
979,8,1
979,9,0
980,0,0
980,1,0
980,2,0
980,3,1
980,4,0
980,5,1
980,6,0
980,7,1
980,8,1
980,9,0
981,0,0
981,1,0
981,2,1
981,3,1
981,4,0
981,5,0
981,6,1
981,7,1
981,8,0
981,9,0
982,0,0
982,1,0
982,2,0
982,3,1
982,4,0
982,5,0
982,6,1
982,7,1
982,8,1
982,9,0
983,0,0
983,1,0
983,2,1
983,3,0
983,4,1
983,5,0
983,6,0
983,7,1
983,8,0
983,9,0
984,0,0
984,1,0
984,2,1
984,3,1
984,4,1
984,5,0
984,6,0
984,7,0
984,8,1
984,9,0
985,0,0
985,1,0
985,2,1
985,3,1
985,4,0
985,5,0
985,6,0
985,7,1
985,8,1
985,9,0
986,0,0
986,1,1
986,2,1
986,3,0
986,4,1
986,5,1
986,6,1
986,7,1
986,8,1
986,9,0
987,0,0
987,1,1
987,2,1
987,3,1
987,4,1
987,5,0
987,6,0
987,7,1
987,8,0
987,9,0
988,0,0
988,1,0
988,2,1
988,3,1
988,4,1
988,5,1
988,6,0
988,7,1
988,8,1
988,9,0
989,0,0
989,1,0
989,2,1
989,3,0
989,4,1
989,5,0
989,6,1
989,7,1
989,8,1
989,9,0
990,0,0
990,1,0
990,2,0
990,3,0
990,4,1
990,5,1
990,6,0
990,7,1
990,8,0
990,9,0
991,0,0
991,1,0
991,2,0
991,3,0
991,4,1
991,5,0
991,6,1
991,7,1
991,8,1
991,9,0
992,0,0
992,1,0
992,2,1
992,3,0
992,4,1
992,5,0
992,6,1
992,7,0
992,8,1
992,9,0
993,0,0
993,1,0
993,2,1
993,3,0
993,4,1
993,5,0
993,6,0
993,7,1
993,8,0
993,9,1
994,0,0
994,1,0
994,2,1
994,3,1
994,4,1
994,5,0
994,6,1
994,7,1
994,8,1
994,9,0
995,0,1
995,1,0
995,2,1
995,3,0
995,4,0
995,5,0
995,6,1
995,7,1
995,8,1
995,9,0
996,0,0
996,1,0
996,2,1
996,3,0
996,4,1
996,5,1
996,6,1
996,7,1
996,8,1
996,9,0
997,0,0
997,1,0
997,2,1
997,3,0
997,4,1
997,5,0
997,6,0
997,7,1
997,8,0
997,9,0
998,0,0
998,1,0
998,2,1
998,3,0
998,4,0
998,5,0
998,6,0
998,7,0
998,8,1
998,9,0
999,0,0
999,1,1
999,2,0
999,3,0
999,4,1
999,5,0
999,6,0
999,7,0
999,8,1
999,9,0
