2e5c2deb2e9e15b69e397945bea6c553,4621,3.514296668479266
2e5c2deb2e9e15b69e397945bea6c553,179,3.4620771524843947
2e5c2deb2e9e15b69e397945bea6c553,188,3.3103167879158706
2e5c2deb2e9e15b69e397945bea6c553,1103,3.2316851831392195
2e5c2deb2e9e15b69e397945bea6c553,1194,3.215176258836721
2e5c2deb2e9e15b69e397945bea6c553,884,3.205127704955018
2e5c2deb2e9e15b69e397945bea6c553,535,3.187945581645685
2e5c2deb2e9e15b69e397945bea6c553,3513,3.180940541409892
2e5c2deb2e9e15b69e397945bea6c553,538,3.176196101076406
2e5c2deb2e9e15b69e397945bea6c553,3204,3.1756040019752847
2e5c2deb2e9e15b69e397945bea6c553,1429,3.171388923202396
2e5c2deb2e9e15b69e397945bea6c553,67,3.1657583087774506
2e5c2deb2e9e15b69e397945bea6c553,1104,3.162660940900938
2e5c2deb2e9e15b69e397945bea6c553,3563,3.1605838420689123
2e5c2deb2e9e15b69e397945bea6c553,906,3.1509770816969795
2e5c2deb2e9e15b69e397945bea6c553,2579,3.1471393391947124
2e5c2deb2e9e15b69e397945bea6c553,2330,3.1376898015691737
2e5c2deb2e9e15b69e397945bea6c553,691,3.1373857929137325
2e5c2deb2e9e15b69e397945bea6c553,624,3.13720439035787
2e5c2deb2e9e15b69e397945bea6c553,2029,3.1343429916875585
2e5c2deb2e9e15b69e397945bea6c553,4645,3.1341029048497786
2e5c2deb2e9e15b69e397945bea6c553,3057,3.133613317363045
2e5c2deb2e9e15b69e397945bea6c553,490,3.131985423851809
2e5c2deb2e9e15b69e397945bea6c553,1808,3.1296770170798225
2e5c2deb2e9e15b69e397945bea6c553,1711,3.1292430457994893
2e5c2deb2e9e15b69e397945bea6c553,2314,3.127961285681508
2e5c2deb2e9e15b69e397945bea6c553,2972,3.126945329164135
2e5c2deb2e9e15b69e397945bea6c553,326,3.126029464861773
2e5c2deb2e9e15b69e397945bea6c553,1079,3.1248227833028555
2e5c2deb2e9e15b69e397945bea6c553,2874,3.122969077954161
2e5c2deb2e9e15b69e397945bea6c553,1563,3.122629690736136
2e5c2deb2e9e15b69e397945bea6c553,1353,3.1224743403524187
2e5c2deb2e9e15b69e397945bea6c553,50,3.121364683555324
2e5c2deb2e9e15b69e397945bea6c553,2050,3.1212587131541283
2e5c2deb2e9e15b69e397945bea6c553,1360,3.1210661912378423
2e5c2deb2e9e15b69e397945bea6c553,2434,3.121058034827465
2e5c2deb2e9e15b69e397945bea6c553,3659,3.1206526437486555
2e5c2deb2e9e15b69e397945bea6c553,1397,3.120240934703952
2e5c2deb2e9e15b69e397945bea6c553,10,3.1197873645838663
2e5c2deb2e9e15b69e397945bea6c553,2423,3.118717701953164
2e5c2deb2e9e15b69e397945bea6c553,3117,3.118154981049817
2e5c2deb2e9e15b69e397945bea6c553,790,3.1151765432413745
2e5c2deb2e9e15b69e397945bea6c553,768,3.1141215784229144
2e5c2deb2e9e15b69e397945bea6c553,1943,3.111202762345435
2e5c2deb2e9e15b69e397945bea6c553,3445,3.108634045113684
2e5c2deb2e9e15b69e397945bea6c553,2192,3.1085409517675022
2e5c2deb2e9e15b69e397945bea6c553,1112,3.1055904465684208
2e5c2deb2e9e15b69e397945bea6c553,678,3.1051708157551783
2e5c2deb2e9e15b69e397945bea6c553,1596,3.101466407005041
2e5c2deb2e9e15b69e397945bea6c553,530,3.1007098800662614
79ce0b052347c6b2e676fbffa784c873,4621,3.5136097466516416
79ce0b052347c6b2e676fbffa784c873,348,3.334686320522988
79ce0b052347c6b2e676fbffa784c873,993,3.2932578621157083
79ce0b052347c6b2e676fbffa784c873,2949,3.2237932633195885
79ce0b052347c6b2e676fbffa784c873,198,3.2074359174737728
79ce0b052347c6b2e676fbffa784c873,2430,3.2040250861883406
79ce0b052347c6b2e676fbffa784c873,992,3.1927704289272456
79ce0b052347c6b2e676fbffa784c873,2882,3.179093863874752
79ce0b052347c6b2e676fbffa784c873,3506,3.177147437111412
79ce0b052347c6b2e676fbffa784c873,601,3.1719413504980456
79ce0b052347c6b2e676fbffa784c873,712,3.1715476195981447
79ce0b052347c6b2e676fbffa784c873,901,3.166171266863037
79ce0b052347c6b2e676fbffa784c873,2790,3.154206928110977
79ce0b052347c6b2e676fbffa784c873,594,3.1510498157038094
79ce0b052347c6b2e676fbffa784c873,844,3.1379527000895395
79ce0b052347c6b2e676fbffa784c873,224,3.136346108150472
79ce0b052347c6b2e676fbffa784c873,3589,3.135083432679298
79ce0b052347c6b2e676fbffa784c873,851,3.1350119387159405
79ce0b052347c6b2e676fbffa784c873,2840,3.133301876601451
79ce0b052347c6b2e676fbffa784c873,2982,3.1263306161884854
79ce0b052347c6b2e676fbffa784c873,1370,3.12311775533056
79ce0b052347c6b2e676fbffa784c873,1847,3.12205928135245
79ce0b052347c6b2e676fbffa784c873,2747,3.12034933436334
79ce0b052347c6b2e676fbffa784c873,1678,3.119704068718687
79ce0b052347c6b2e676fbffa784c873,4676,3.119016755246279
79ce0b052347c6b2e676fbffa784c873,47,3.114292156288706
79ce0b052347c6b2e676fbffa784c873,4648,3.114160622684826
79ce0b052347c6b2e676fbffa784c873,1523,3.108201473792477
79ce0b052347c6b2e676fbffa784c873,301,3.107129067617783
79ce0b052347c6b2e676fbffa784c873,1487,3.106520035560484
79ce0b052347c6b2e676fbffa784c873,1387,3.1052044103649306
79ce0b052347c6b2e676fbffa784c873,4597,3.1004336157406702
79ce0b052347c6b2e676fbffa784c873,2201,3.0997446599012584
79ce0b052347c6b2e676fbffa784c873,37,3.091447312968725
79ce0b052347c6b2e676fbffa784c873,2702,3.0912532998972857
79ce0b052347c6b2e676fbffa784c873,4617,3.0909959271050123
79ce0b052347c6b2e676fbffa784c873,1624,3.0883601082031493
79ce0b052347c6b2e676fbffa784c873,141,3.088196007021221
79ce0b052347c6b2e676fbffa784c873,1260,3.0872485190613794
79ce0b052347c6b2e676fbffa784c873,2109,3.0869203071023894
79ce0b052347c6b2e676fbffa784c873,914,3.0863112565670563
79ce0b052347c6b2e676fbffa784c873,674,3.083341574650779
79ce0b052347c6b2e676fbffa784c873,2051,3.0825839097133563
79ce0b052347c6b2e676fbffa784c873,1743,3.0807576964876184
79ce0b052347c6b2e676fbffa784c873,1781,3.079829005763304
79ce0b052347c6b2e676fbffa784c873,2047,3.079789275499748
79ce0b052347c6b2e676fbffa784c873,43,3.0777171802331
79ce0b052347c6b2e676fbffa784c873,392,3.077246834104106
79ce0b052347c6b2e676fbffa784c873,3670,3.07629834464852
79ce0b052347c6b2e676fbffa784c873,627,3.0751851650970177
d68afad13567fe66afab1323c355deaf,348,3.3726015070361743
d68afad13567fe66afab1323c355deaf,2909,3.2457306678731905
d68afad13567fe66afab1323c355deaf,441,3.2376840993897
d68afad13567fe66afab1323c355deaf,1684,3.213140512803052
d68afad13567fe66afab1323c355deaf,1565,3.196354357626192
d68afad13567fe66afab1323c355deaf,549,3.1939919290269523
d68afad13567fe66afab1323c355deaf,2851,3.1871753644629384
d68afad13567fe66afab1323c355deaf,797,3.1774006716163434
d68afad13567fe66afab1323c355deaf,275,3.165857633957524
d68afad13567fe66afab1323c355deaf,798,3.165403819777958
d68afad13567fe66afab1323c355deaf,1569,3.163216821991153
d68afad13567fe66afab1323c355deaf,962,3.1628502387292925
d68afad13567fe66afab1323c355deaf,1090,3.155368766902772
d68afad13567fe66afab1323c355deaf,1666,3.154885866982386
d68afad13567fe66afab1323c355deaf,1542,3.1521149609096675
d68afad13567fe66afab1323c355deaf,1543,3.150925226585198
d68afad13567fe66afab1323c355deaf,4939,3.149534910252604
d68afad13567fe66afab1323c355deaf,2910,3.143701522138904
d68afad13567fe66afab1323c355deaf,1620,3.1426920437416634
d68afad13567fe66afab1323c355deaf,3265,3.1408467503165283
d68afad13567fe66afab1323c355deaf,4915,3.140698446601516
d68afad13567fe66afab1323c355deaf,532,3.136629147576162
d68afad13567fe66afab1323c355deaf,765,3.1342115543358107
d68afad13567fe66afab1323c355deaf,1377,3.1336509789199054
d68afad13567fe66afab1323c355deaf,4743,3.1310716134145213
d68afad13567fe66afab1323c355deaf,2120,3.1290759513182027
d68afad13567fe66afab1323c355deaf,920,3.12726580562824
d68afad13567fe66afab1323c355deaf,412,3.126051877091426
d68afad13567fe66afab1323c355deaf,341,3.126019248925219
d68afad13567fe66afab1323c355deaf,1056,3.1254144838278
d68afad13567fe66afab1323c355deaf,672,3.1240099187652595
d68afad13567fe66afab1323c355deaf,2236,3.122735765207758
d68afad13567fe66afab1323c355deaf,1332,3.1225997713313567
d68afad13567fe66afab1323c355deaf,1487,3.1221985417719966
d68afad13567fe66afab1323c355deaf,4590,3.119906497928457
d68afad13567fe66afab1323c355deaf,4174,3.119872593422246
d68afad13567fe66afab1323c355deaf,4967,3.1196855985040406
d68afad13567fe66afab1323c355deaf,822,3.118395905725225
d68afad13567fe66afab1323c355deaf,3912,3.116997861599625
d68afad13567fe66afab1323c355deaf,2450,3.1165701544579885
d68afad13567fe66afab1323c355deaf,671,3.114991911286677
d68afad13567fe66afab1323c355deaf,1803,3.1148246463334286
d68afad13567fe66afab1323c355deaf,605,3.114502769118378
d68afad13567fe66afab1323c355deaf,495,3.108136575513203
d68afad13567fe66afab1323c355deaf,1802,3.1077556775259705
d68afad13567fe66afab1323c355deaf,89,3.107174096697036
d68afad13567fe66afab1323c355deaf,3775,3.106524576982477
d68afad13567fe66afab1323c355deaf,2401,3.105189484777826
d68afad13567fe66afab1323c355deaf,4660,3.1044933861164408
d68afad13567fe66afab1323c355deaf,1463,3.1039151147888195
5b051ad2f5b63a80614382e202ebb15f,2363,3.4626999229534463
5b051ad2f5b63a80614382e202ebb15f,202,3.406450535693237
5b051ad2f5b63a80614382e202ebb15f,969,3.347376831751484
5b051ad2f5b63a80614382e202ebb15f,2251,3.318383859185325
5b051ad2f5b63a80614382e202ebb15f,947,3.283391839079905
5b051ad2f5b63a80614382e202ebb15f,4670,3.275599821736934
5b051ad2f5b63a80614382e202ebb15f,1526,3.255711999868974
5b051ad2f5b63a80614382e202ebb15f,1075,3.249839009164706
5b051ad2f5b63a80614382e202ebb15f,4822,3.2372946415962685
5b051ad2f5b63a80614382e202ebb15f,1036,3.228550138760021
5b051ad2f5b63a80614382e202ebb15f,1029,3.2238059334640377
5b051ad2f5b63a80614382e202ebb15f,1228,3.216801454109369
5b051ad2f5b63a80614382e202ebb15f,2388,3.216636195957564
5b051ad2f5b63a80614382e202ebb15f,1938,3.208528073574348
5b051ad2f5b63a80614382e202ebb15f,1208,3.208067179040725
5b051ad2f5b63a80614382e202ebb15f,2394,3.203264751725655
5b051ad2f5b63a80614382e202ebb15f,1716,3.195809700519082
5b051ad2f5b63a80614382e202ebb15f,601,3.1910608123384785
5b051ad2f5b63a80614382e202ebb15f,293,3.189300741132557
5b051ad2f5b63a80614382e202ebb15f,1577,3.182465618203961
5b051ad2f5b63a80614382e202ebb15f,3357,3.182113446232945
5b051ad2f5b63a80614382e202ebb15f,459,3.180627472537409
5b051ad2f5b63a80614382e202ebb15f,4993,3.1801471651547617
5b051ad2f5b63a80614382e202ebb15f,972,3.1786041897345942
5b051ad2f5b63a80614382e202ebb15f,2414,3.1761496610524147
5b051ad2f5b63a80614382e202ebb15f,1069,3.175023385603851
5b051ad2f5b63a80614382e202ebb15f,1204,3.174154917001716
5b051ad2f5b63a80614382e202ebb15f,881,3.17209184090653
5b051ad2f5b63a80614382e202ebb15f,1018,3.169568789212037
5b051ad2f5b63a80614382e202ebb15f,1252,3.167670617297045
5b051ad2f5b63a80614382e202ebb15f,2308,3.1671128557128694
5b051ad2f5b63a80614382e202ebb15f,2343,3.161978969888515
5b051ad2f5b63a80614382e202ebb15f,2357,3.159563330111172
5b051ad2f5b63a80614382e202ebb15f,139,3.1576923513219555
5b051ad2f5b63a80614382e202ebb15f,1761,3.1505344778905093
5b051ad2f5b63a80614382e202ebb15f,982,3.149968266887258
5b051ad2f5b63a80614382e202ebb15f,4798,3.1469783640987417
5b051ad2f5b63a80614382e202ebb15f,2426,3.146788722288761
5b051ad2f5b63a80614382e202ebb15f,1955,3.143403120896132
5b051ad2f5b63a80614382e202ebb15f,605,3.142884479824648
5b051ad2f5b63a80614382e202ebb15f,1594,3.1426337999945915
5b051ad2f5b63a80614382e202ebb15f,1312,3.139996621010458
5b051ad2f5b63a80614382e202ebb15f,1398,3.137514206369982
5b051ad2f5b63a80614382e202ebb15f,547,3.136300985968257
5b051ad2f5b63a80614382e202ebb15f,1775,3.1350790682304126
5b051ad2f5b63a80614382e202ebb15f,1393,3.134971797915425
5b051ad2f5b63a80614382e202ebb15f,4940,3.134750216951552
5b051ad2f5b63a80614382e202ebb15f,4844,3.1345956752132853
5b051ad2f5b63a80614382e202ebb15f,697,3.1335130934301265
5b051ad2f5b63a80614382e202ebb15f,580,3.133041700663735
518fda090ff1d0921229defcd409de4e,993,3.367967731175745
518fda090ff1d0921229defcd409de4e,659,3.330090453820015
518fda090ff1d0921229defcd409de4e,1061,3.3009313264002302
518fda090ff1d0921229defcd409de4e,2940,3.216878713634712
518fda090ff1d0921229defcd409de4e,4630,3.2123179279618883
518fda090ff1d0921229defcd409de4e,3221,3.203910096887157
518fda090ff1d0921229defcd409de4e,1480,3.200099010965724
518fda090ff1d0921229defcd409de4e,124,3.184705925913309
518fda090ff1d0921229defcd409de4e,2456,3.183169637570667
518fda090ff1d0921229defcd409de4e,2187,3.179989489007492
518fda090ff1d0921229defcd409de4e,4766,3.1773428936038792
518fda090ff1d0921229defcd409de4e,97,3.1742296894760345
518fda090ff1d0921229defcd409de4e,2902,3.170148667334861
518fda090ff1d0921229defcd409de4e,770,3.1697595087411337
518fda090ff1d0921229defcd409de4e,1585,3.1619213038495464
518fda090ff1d0921229defcd409de4e,2410,3.161314219022268
518fda090ff1d0921229defcd409de4e,3376,3.160941953274885
518fda090ff1d0921229defcd409de4e,542,3.1608940186636145
518fda090ff1d0921229defcd409de4e,672,3.1600534237728235
518fda090ff1d0921229defcd409de4e,682,3.158083851629707
518fda090ff1d0921229defcd409de4e,1192,3.1575463533911816
518fda090ff1d0921229defcd409de4e,3186,3.154998308184558
518fda090ff1d0921229defcd409de4e,1846,3.153005035610152
518fda090ff1d0921229defcd409de4e,1421,3.15292209146126
518fda090ff1d0921229defcd409de4e,1648,3.152597285458069
518fda090ff1d0921229defcd409de4e,695,3.149826259381549
518fda090ff1d0921229defcd409de4e,2883,3.148646006905074
518fda090ff1d0921229defcd409de4e,4669,3.147751234514711
518fda090ff1d0921229defcd409de4e,2954,3.146777747431631
518fda090ff1d0921229defcd409de4e,501,3.144850701023328
518fda090ff1d0921229defcd409de4e,2285,3.142827211534495
518fda090ff1d0921229defcd409de4e,2273,3.142443719158826
518fda090ff1d0921229defcd409de4e,2250,3.1421584998936387
518fda090ff1d0921229defcd409de4e,2183,3.140344508851199
518fda090ff1d0921229defcd409de4e,1626,3.140001007786388
518fda090ff1d0921229defcd409de4e,2027,3.139623515353703
518fda090ff1d0921229defcd409de4e,2272,3.1372811146951847
518fda090ff1d0921229defcd409de4e,1955,3.137005217335483
518fda090ff1d0921229defcd409de4e,3375,3.134991080508471
518fda090ff1d0921229defcd409de4e,1197,3.1323211889088687
518fda090ff1d0921229defcd409de4e,1473,3.1320851648132377
518fda090ff1d0921229defcd409de4e,1298,3.131617916099813
518fda090ff1d0921229defcd409de4e,624,3.131489149818368
518fda090ff1d0921229defcd409de4e,968,3.1301068888708383
518fda090ff1d0921229defcd409de4e,2332,3.12894888852952
518fda090ff1d0921229defcd409de4e,291,3.128032082574489
518fda090ff1d0921229defcd409de4e,1784,3.1246190684194173
518fda090ff1d0921229defcd409de4e,4898,3.1243165685572745
518fda090ff1d0921229defcd409de4e,460,3.124171933889229
518fda090ff1d0921229defcd409de4e,1399,3.1240038569047863
e40d7b55c5831d32097236cc84874250,2363,3.435353364717036
e40d7b55c5831d32097236cc84874250,179,3.4022672592687817
e40d7b55c5831d32097236cc84874250,260,3.2781480892031305
e40d7b55c5831d32097236cc84874250,2547,3.224668269157259
e40d7b55c5831d32097236cc84874250,507,3.2137502706614427
e40d7b55c5831d32097236cc84874250,719,3.2132047705524327
e40d7b55c5831d32097236cc84874250,2014,3.208254909007989
e40d7b55c5831d32097236cc84874250,1868,3.206690403272779
e40d7b55c5831d32097236cc84874250,437,3.2060151818705025
e40d7b55c5831d32097236cc84874250,407,3.195917363302011
e40d7b55c5831d32097236cc84874250,2710,3.1956439152553893
e40d7b55c5831d32097236cc84874250,1000,3.1890073895182014
e40d7b55c5831d32097236cc84874250,133,3.181836859399888
e40d7b55c5831d32097236cc84874250,2261,3.176323555430182
e40d7b55c5831d32097236cc84874250,1686,3.172920763721421
e40d7b55c5831d32097236cc84874250,4675,3.1714685827615843
e40d7b55c5831d32097236cc84874250,1024,3.1696211322496195
e40d7b55c5831d32097236cc84874250,4696,3.1688178691496813
e40d7b55c5831d32097236cc84874250,3896,3.1582234320352547
e40d7b55c5831d32097236cc84874250,323,3.155227936922165
e40d7b55c5831d32097236cc84874250,2170,3.149470879905863
e40d7b55c5831d32097236cc84874250,1036,3.146012457769175
e40d7b55c5831d32097236cc84874250,4727,3.1459499274198777
e40d7b55c5831d32097236cc84874250,1605,3.142465795845239
e40d7b55c5831d32097236cc84874250,1075,3.1415575557823887
e40d7b55c5831d32097236cc84874250,1025,3.1409297095192854
e40d7b55c5831d32097236cc84874250,3589,3.136834442347921
e40d7b55c5831d32097236cc84874250,1986,3.136464399862271
e40d7b55c5831d32097236cc84874250,2339,3.134962701481221
e40d7b55c5831d32097236cc84874250,1633,3.1341251451591465
e40d7b55c5831d32097236cc84874250,175,3.132945569705521
e40d7b55c5831d32097236cc84874250,199,3.132732386160054
e40d7b55c5831d32097236cc84874250,357,3.12846657020395
e40d7b55c5831d32097236cc84874250,4594,3.125713382035125
e40d7b55c5831d32097236cc84874250,2975,3.1246542021204258
e40d7b55c5831d32097236cc84874250,2336,3.124261902932164
e40d7b55c5831d32097236cc84874250,1507,3.123504855912125
e40d7b55c5831d32097236cc84874250,3233,3.122970701715876
e40d7b55c5831d32097236cc84874250,4614,3.122259962146011
e40d7b55c5831d32097236cc84874250,502,3.120842205755023
e40d7b55c5831d32097236cc84874250,134,3.118543217173284
e40d7b55c5831d32097236cc84874250,108,3.117950434393488
e40d7b55c5831d32097236cc84874250,4830,3.1168102207923307
e40d7b55c5831d32097236cc84874250,1165,3.116743636919494
e40d7b55c5831d32097236cc84874250,2828,3.115563753610287
e40d7b55c5831d32097236cc84874250,2300,3.1150840251390424
e40d7b55c5831d32097236cc84874250,3013,3.114367980449609
e40d7b55c5831d32097236cc84874250,2970,3.114285177178568
e40d7b55c5831d32097236cc84874250,1486,3.113678933276019
e40d7b55c5831d32097236cc84874250,2236,3.1125979310236653
d15d7211363ec0ec4a97c181bca5b970,1420,3.4228880001644755
d15d7211363ec0ec4a97c181bca5b970,202,3.381576910479769
d15d7211363ec0ec4a97c181bca5b970,3796,3.20785765374195
d15d7211363ec0ec4a97c181bca5b970,2086,3.195739674147151
d15d7211363ec0ec4a97c181bca5b970,143,3.1872333621577
d15d7211363ec0ec4a97c181bca5b970,1243,3.186278237666195
d15d7211363ec0ec4a97c181bca5b970,437,3.183314606132509
d15d7211363ec0ec4a97c181bca5b970,4642,3.1810462454067228
d15d7211363ec0ec4a97c181bca5b970,3057,3.176194183217068
d15d7211363ec0ec4a97c181bca5b970,1225,3.17460247983201
d15d7211363ec0ec4a97c181bca5b970,1384,3.172836853847436
d15d7211363ec0ec4a97c181bca5b970,1685,3.171286767055946
d15d7211363ec0ec4a97c181bca5b970,1820,3.171125980708308
d15d7211363ec0ec4a97c181bca5b970,342,3.1660238935678127
d15d7211363ec0ec4a97c181bca5b970,2163,3.1657139029948
d15d7211363ec0ec4a97c181bca5b970,966,3.163967849175936
d15d7211363ec0ec4a97c181bca5b970,912,3.1629216294666347
d15d7211363ec0ec4a97c181bca5b970,1649,3.160314656541063
d15d7211363ec0ec4a97c181bca5b970,2919,3.16014935077183
d15d7211363ec0ec4a97c181bca5b970,2477,3.1580542087180974
d15d7211363ec0ec4a97c181bca5b970,3180,3.1573862128316006
d15d7211363ec0ec4a97c181bca5b970,1111,3.156659416242868
d15d7211363ec0ec4a97c181bca5b970,2238,3.1562178664589786
d15d7211363ec0ec4a97c181bca5b970,2438,3.155467485614777
d15d7211363ec0ec4a97c181bca5b970,41,3.155279829318956
d15d7211363ec0ec4a97c181bca5b970,547,3.1548362201885363
d15d7211363ec0ec4a97c181bca5b970,199,3.154057559095938
d15d7211363ec0ec4a97c181bca5b970,4848,3.1529310661283985
d15d7211363ec0ec4a97c181bca5b970,2318,3.152633902053623
d15d7211363ec0ec4a97c181bca5b970,4815,3.151519058592495
d15d7211363ec0ec4a97c181bca5b970,1491,3.150317165186927
d15d7211363ec0ec4a97c181bca5b970,4640,3.149417711587903
d15d7211363ec0ec4a97c181bca5b970,2361,3.149290345858226
d15d7211363ec0ec4a97c181bca5b970,757,3.146820985966737
d15d7211363ec0ec4a97c181bca5b970,698,3.1433608940591533
d15d7211363ec0ec4a97c181bca5b970,1744,3.1392074957595937
d15d7211363ec0ec4a97c181bca5b970,401,3.1378941081616705
d15d7211363ec0ec4a97c181bca5b970,638,3.13637665625032
d15d7211363ec0ec4a97c181bca5b970,1969,3.134563516442825
d15d7211363ec0ec4a97c181bca5b970,948,3.133679366054406
d15d7211363ec0ec4a97c181bca5b970,4812,3.132397504167629
d15d7211363ec0ec4a97c181bca5b970,4746,3.13159661998696
d15d7211363ec0ec4a97c181bca5b970,4728,3.131346694039828
d15d7211363ec0ec4a97c181bca5b970,1402,3.1311180039899926
d15d7211363ec0ec4a97c181bca5b970,327,3.130027716799832
d15d7211363ec0ec4a97c181bca5b970,1801,3.1270239857329494
d15d7211363ec0ec4a97c181bca5b970,3445,3.1257242913338272
d15d7211363ec0ec4a97c181bca5b970,3191,3.1250013499591125
d15d7211363ec0ec4a97c181bca5b970,2625,3.124877422454769
d15d7211363ec0ec4a97c181bca5b970,888,3.12457170393092
958e9abf699fecae8cb012956d677257,1395,3.3880101291829168
958e9abf699fecae8cb012956d677257,1276,3.353415966309654
958e9abf699fecae8cb012956d677257,675,3.3526083451360145
958e9abf699fecae8cb012956d677257,750,3.349973541955108
958e9abf699fecae8cb012956d677257,58,3.3434872098814674
958e9abf699fecae8cb012956d677257,1967,3.294102863473601
958e9abf699fecae8cb012956d677257,969,3.282605880820899
958e9abf699fecae8cb012956d677257,1998,3.2700603155140344
958e9abf699fecae8cb012956d677257,1629,3.2685921834140017
958e9abf699fecae8cb012956d677257,699,3.244337976121958
958e9abf699fecae8cb012956d677257,3953,3.240532460801474
958e9abf699fecae8cb012956d677257,2635,3.2351392237684107
958e9abf699fecae8cb012956d677257,4748,3.2313207465957188
958e9abf699fecae8cb012956d677257,2595,3.229328571953608
958e9abf699fecae8cb012956d677257,1651,3.227619347254376
958e9abf699fecae8cb012956d677257,1617,3.224802860256372
958e9abf699fecae8cb012956d677257,982,3.220916973183875
958e9abf699fecae8cb012956d677257,919,3.2199863120585297
958e9abf699fecae8cb012956d677257,3309,3.2184340798409137
958e9abf699fecae8cb012956d677257,940,3.2163069674196554
958e9abf699fecae8cb012956d677257,4585,3.215881278832724
958e9abf699fecae8cb012956d677257,4214,3.214250938981287
958e9abf699fecae8cb012956d677257,1243,3.213839389994157
958e9abf699fecae8cb012956d677257,166,3.2079860528735744
958e9abf699fecae8cb012956d677257,29,3.207965783571869
958e9abf699fecae8cb012956d677257,2281,3.206448651712931
958e9abf699fecae8cb012956d677257,276,3.2055078616658044
958e9abf699fecae8cb012956d677257,73,3.202359979520709
958e9abf699fecae8cb012956d677257,464,3.202180422199594
958e9abf699fecae8cb012956d677257,2960,3.201755911242136
958e9abf699fecae8cb012956d677257,241,3.200480862027215
958e9abf699fecae8cb012956d677257,1717,3.197159405373235
958e9abf699fecae8cb012956d677257,116,3.19550454166766
958e9abf699fecae8cb012956d677257,842,3.193054797707721
958e9abf699fecae8cb012956d677257,3340,3.188482254218724
958e9abf699fecae8cb012956d677257,790,3.188290208616385
958e9abf699fecae8cb012956d677257,2633,3.187036426483965
958e9abf699fecae8cb012956d677257,2474,3.1854311450867567
958e9abf699fecae8cb012956d677257,1810,3.1849138345494814
958e9abf699fecae8cb012956d677257,350,3.1844551522333053
958e9abf699fecae8cb012956d677257,1463,3.183927299895364
958e9abf699fecae8cb012956d677257,315,3.183237835479604
958e9abf699fecae8cb012956d677257,1644,3.1829305332945994
958e9abf699fecae8cb012956d677257,53,3.182506185187824
958e9abf699fecae8cb012956d677257,4278,3.1812816121172225
958e9abf699fecae8cb012956d677257,434,3.180478891196156
958e9abf699fecae8cb012956d677257,645,3.17990838603662
958e9abf699fecae8cb012956d677257,4701,3.17868689987066
958e9abf699fecae8cb012956d677257,3455,3.1749886850858453
958e9abf699fecae8cb012956d677257,54,3.171983633084116
6e7319315f34ea553d2ace4698f7eb8a,147,3.5574209566015944
6e7319315f34ea553d2ace4698f7eb8a,1859,3.499014826121062
6e7319315f34ea553d2ace4698f7eb8a,2485,3.407378084647828
6e7319315f34ea553d2ace4698f7eb8a,402,3.254026249920156
6e7319315f34ea553d2ace4698f7eb8a,2367,3.2338550494239886
6e7319315f34ea553d2ace4698f7eb8a,825,3.224746254260619
6e7319315f34ea553d2ace4698f7eb8a,1986,3.210815410899082
6e7319315f34ea553d2ace4698f7eb8a,2887,3.210403983645418
6e7319315f34ea553d2ace4698f7eb8a,1675,3.208393938641777
6e7319315f34ea553d2ace4698f7eb8a,63,3.201971663189988
6e7319315f34ea553d2ace4698f7eb8a,1603,3.1995582485353973
6e7319315f34ea553d2ace4698f7eb8a,2441,3.19743350779511
6e7319315f34ea553d2ace4698f7eb8a,853,3.1913309970892625
6e7319315f34ea553d2ace4698f7eb8a,1538,3.1883499661989325
6e7319315f34ea553d2ace4698f7eb8a,2393,3.18510841222133
6e7319315f34ea553d2ace4698f7eb8a,247,3.184429298041526
6e7319315f34ea553d2ace4698f7eb8a,1082,3.184341625202539
6e7319315f34ea553d2ace4698f7eb8a,846,3.182833307500777
6e7319315f34ea553d2ace4698f7eb8a,2399,3.181157421157081
6e7319315f34ea553d2ace4698f7eb8a,115,3.177956193998401
6e7319315f34ea553d2ace4698f7eb8a,906,3.177185747859649
6e7319315f34ea553d2ace4698f7eb8a,396,3.172877270290151
6e7319315f34ea553d2ace4698f7eb8a,2172,3.1727310182254045
6e7319315f34ea553d2ace4698f7eb8a,4643,3.169690601715258
6e7319315f34ea553d2ace4698f7eb8a,758,3.1692935521243544
6e7319315f34ea553d2ace4698f7eb8a,3585,3.1687766037440377
6e7319315f34ea553d2ace4698f7eb8a,1764,3.1610124193019704
6e7319315f34ea553d2ace4698f7eb8a,1652,3.1609808590048454
6e7319315f34ea553d2ace4698f7eb8a,394,3.1608585054076044
6e7319315f34ea553d2ace4698f7eb8a,826,3.1605828917370307
6e7319315f34ea553d2ace4698f7eb8a,922,3.1552399336484203
6e7319315f34ea553d2ace4698f7eb8a,2979,3.154574104826624
6e7319315f34ea553d2ace4698f7eb8a,2421,3.1545701924578533
6e7319315f34ea553d2ace4698f7eb8a,250,3.1543768983820963
6e7319315f34ea553d2ace4698f7eb8a,365,3.1540577615843857
6e7319315f34ea553d2ace4698f7eb8a,339,3.1525666572828475
6e7319315f34ea553d2ace4698f7eb8a,313,3.152294764330903
6e7319315f34ea553d2ace4698f7eb8a,3498,3.1516629044018223
6e7319315f34ea553d2ace4698f7eb8a,4570,3.151442440644227
6e7319315f34ea553d2ace4698f7eb8a,2652,3.150732170015511
6e7319315f34ea553d2ace4698f7eb8a,3224,3.149664378992484
6e7319315f34ea553d2ace4698f7eb8a,1198,3.14922972088062
6e7319315f34ea553d2ace4698f7eb8a,1197,3.1481205601962023
6e7319315f34ea553d2ace4698f7eb8a,23,3.1475175797202795
6e7319315f34ea553d2ace4698f7eb8a,773,3.1423826914714112
6e7319315f34ea553d2ace4698f7eb8a,796,3.142315094661585
6e7319315f34ea553d2ace4698f7eb8a,2316,3.1412452460633045
6e7319315f34ea553d2ace4698f7eb8a,4674,3.14116976576999
6e7319315f34ea553d2ace4698f7eb8a,2365,3.140417758622396
6e7319315f34ea553d2ace4698f7eb8a,2124,3.1356052657712263
408c7d39be574e7fedb4a8557a9029e4,1670,3.4731424151316315
408c7d39be574e7fedb4a8557a9029e4,927,3.437742820829347
408c7d39be574e7fedb4a8557a9029e4,1874,3.4258235509569377
408c7d39be574e7fedb4a8557a9029e4,819,3.3825574960961684
408c7d39be574e7fedb4a8557a9029e4,711,3.3396429654488005
408c7d39be574e7fedb4a8557a9029e4,264,3.3361801700746763
408c7d39be574e7fedb4a8557a9029e4,4828,3.3282120808170537
408c7d39be574e7fedb4a8557a9029e4,825,3.3199785895933305
408c7d39be574e7fedb4a8557a9029e4,4758,3.3193472831009863
408c7d39be574e7fedb4a8557a9029e4,4637,3.3143714268005904
408c7d39be574e7fedb4a8557a9029e4,2646,3.314291595032197
408c7d39be574e7fedb4a8557a9029e4,358,3.313682702654024
408c7d39be574e7fedb4a8557a9029e4,1654,3.305487609955803
408c7d39be574e7fedb4a8557a9029e4,1613,3.305373536814655
408c7d39be574e7fedb4a8557a9029e4,97,3.300844666014108
408c7d39be574e7fedb4a8557a9029e4,2499,3.294368158251873
408c7d39be574e7fedb4a8557a9029e4,2575,3.2861066801410423
408c7d39be574e7fedb4a8557a9029e4,3104,3.2851866935737406
408c7d39be574e7fedb4a8557a9029e4,46,3.276609277156034
408c7d39be574e7fedb4a8557a9029e4,4754,3.27582094452907
408c7d39be574e7fedb4a8557a9029e4,774,3.2745070930319136
408c7d39be574e7fedb4a8557a9029e4,680,3.270811926220569
408c7d39be574e7fedb4a8557a9029e4,2292,3.269226352964822
408c7d39be574e7fedb4a8557a9029e4,1051,3.264244635541409
408c7d39be574e7fedb4a8557a9029e4,1507,3.264204578644975
408c7d39be574e7fedb4a8557a9029e4,1904,3.260969157238266
408c7d39be574e7fedb4a8557a9029e4,4896,3.260310177814572
408c7d39be574e7fedb4a8557a9029e4,1975,3.260012848531072
408c7d39be574e7fedb4a8557a9029e4,1172,3.258814110490988
408c7d39be574e7fedb4a8557a9029e4,437,3.2569571677690887
408c7d39be574e7fedb4a8557a9029e4,3022,3.256894321868329
408c7d39be574e7fedb4a8557a9029e4,2182,3.255628670816691
408c7d39be574e7fedb4a8557a9029e4,2382,3.2539390191642457
408c7d39be574e7fedb4a8557a9029e4,4894,3.2530446195290468
408c7d39be574e7fedb4a8557a9029e4,764,3.252262208191984
408c7d39be574e7fedb4a8557a9029e4,1795,3.248181914044742
408c7d39be574e7fedb4a8557a9029e4,3280,3.2477870753851907
408c7d39be574e7fedb4a8557a9029e4,3256,3.247512544445245
408c7d39be574e7fedb4a8557a9029e4,1914,3.2466873897075
408c7d39be574e7fedb4a8557a9029e4,968,3.2454823032315545
408c7d39be574e7fedb4a8557a9029e4,4570,3.24505619627612
408c7d39be574e7fedb4a8557a9029e4,4110,3.242680291339357
408c7d39be574e7fedb4a8557a9029e4,2142,3.241000242522159
408c7d39be574e7fedb4a8557a9029e4,171,3.239851583385812
408c7d39be574e7fedb4a8557a9029e4,638,3.2394595040533467
408c7d39be574e7fedb4a8557a9029e4,2210,3.2368769930961774
408c7d39be574e7fedb4a8557a9029e4,1376,3.2364767759977977
408c7d39be574e7fedb4a8557a9029e4,1111,3.236243958188699
408c7d39be574e7fedb4a8557a9029e4,4675,3.2355094110216034
408c7d39be574e7fedb4a8557a9029e4,709,3.235304746259495
eca043616fa0f0a2d861acfe59bed474,1446,3.254364319739381
eca043616fa0f0a2d861acfe59bed474,2684,3.238413427947678
eca043616fa0f0a2d861acfe59bed474,4006,3.2301497885228416
eca043616fa0f0a2d861acfe59bed474,4038,3.2185686322051668
eca043616fa0f0a2d861acfe59bed474,2285,3.217254425103932
eca043616fa0f0a2d861acfe59bed474,2528,3.2140491859922173
eca043616fa0f0a2d861acfe59bed474,2908,3.204847557986897
eca043616fa0f0a2d861acfe59bed474,1564,3.1959490584297554
eca043616fa0f0a2d861acfe59bed474,2492,3.195907769706507
eca043616fa0f0a2d861acfe59bed474,2071,3.188757818701568
eca043616fa0f0a2d861acfe59bed474,3736,3.185536939481131
eca043616fa0f0a2d861acfe59bed474,1478,3.1787370628779907
eca043616fa0f0a2d861acfe59bed474,1531,3.17792169256554
eca043616fa0f0a2d861acfe59bed474,3534,3.1756416666022127
eca043616fa0f0a2d861acfe59bed474,648,3.1748347504586136
eca043616fa0f0a2d861acfe59bed474,4758,3.174535707016953
eca043616fa0f0a2d861acfe59bed474,1808,3.17245270815531
eca043616fa0f0a2d861acfe59bed474,3874,3.167157106922849
eca043616fa0f0a2d861acfe59bed474,2155,3.165071055428018
eca043616fa0f0a2d861acfe59bed474,2155,3.165071055428018
eca043616fa0f0a2d861acfe59bed474,815,3.161509704811566
eca043616fa0f0a2d861acfe59bed474,4596,3.1609464342679057
eca043616fa0f0a2d861acfe59bed474,935,3.158073538829239
eca043616fa0f0a2d861acfe59bed474,1076,3.1562208632801703
eca043616fa0f0a2d861acfe59bed474,1662,3.1538847171833715
eca043616fa0f0a2d861acfe59bed474,914,3.150856337288237
eca043616fa0f0a2d861acfe59bed474,1394,3.1494179499335013
eca043616fa0f0a2d861acfe59bed474,647,3.1484109589291305
eca043616fa0f0a2d861acfe59bed474,2372,3.143672313060088
eca043616fa0f0a2d861acfe59bed474,3428,3.1378062104025
eca043616fa0f0a2d861acfe59bed474,2339,3.1377049615871337
eca043616fa0f0a2d861acfe59bed474,2170,3.136339582069966
eca043616fa0f0a2d861acfe59bed474,2982,3.135198562179694
eca043616fa0f0a2d861acfe59bed474,2474,3.13404774479661
eca043616fa0f0a2d861acfe59bed474,1939,3.1329001641183827
eca043616fa0f0a2d861acfe59bed474,4599,3.132805912941422
eca043616fa0f0a2d861acfe59bed474,233,3.13043322899287
eca043616fa0f0a2d861acfe59bed474,1288,3.1297774316505564
eca043616fa0f0a2d861acfe59bed474,1490,3.129034924425428
eca043616fa0f0a2d861acfe59bed474,1961,3.128760374938361
eca043616fa0f0a2d861acfe59bed474,646,3.128358076862215
eca043616fa0f0a2d861acfe59bed474,888,3.128327526738797
eca043616fa0f0a2d861acfe59bed474,310,3.1280975944067264
eca043616fa0f0a2d861acfe59bed474,511,3.1268483708629646
eca043616fa0f0a2d861acfe59bed474,3161,3.1263960803171003
eca043616fa0f0a2d861acfe59bed474,641,3.1242291617490454
eca043616fa0f0a2d861acfe59bed474,2703,3.119305429124993
eca043616fa0f0a2d861acfe59bed474,419,3.119300132203394
eca043616fa0f0a2d861acfe59bed474,313,3.118793070148852
eca043616fa0f0a2d861acfe59bed474,4015,3.1178748316148
34a704ff2fabfc676eadb30782eeb716,929,3.3552024330605827
34a704ff2fabfc676eadb30782eeb716,4780,3.3451778839783866
34a704ff2fabfc676eadb30782eeb716,1874,3.3390639434560083
34a704ff2fabfc676eadb30782eeb716,3719,3.2716262792658464
34a704ff2fabfc676eadb30782eeb716,2547,3.2667668548859545
34a704ff2fabfc676eadb30782eeb716,229,3.2576947158833915
34a704ff2fabfc676eadb30782eeb716,632,3.249216149166073
34a704ff2fabfc676eadb30782eeb716,2092,3.2487457303808003
34a704ff2fabfc676eadb30782eeb716,851,3.246973385920141
34a704ff2fabfc676eadb30782eeb716,3310,3.2466545098866058
34a704ff2fabfc676eadb30782eeb716,1955,3.235445537493256
34a704ff2fabfc676eadb30782eeb716,1790,3.2349228184191925
34a704ff2fabfc676eadb30782eeb716,754,3.229554724734233
34a704ff2fabfc676eadb30782eeb716,269,3.228724539997098
34a704ff2fabfc676eadb30782eeb716,995,3.223212064103356
34a704ff2fabfc676eadb30782eeb716,953,3.222807960809573
34a704ff2fabfc676eadb30782eeb716,1937,3.222100230081542
34a704ff2fabfc676eadb30782eeb716,1730,3.2215415105969925
34a704ff2fabfc676eadb30782eeb716,4743,3.221203711760785
34a704ff2fabfc676eadb30782eeb716,640,3.221009416677704
34a704ff2fabfc676eadb30782eeb716,2071,3.220824221234471
34a704ff2fabfc676eadb30782eeb716,394,3.219627362052061
34a704ff2fabfc676eadb30782eeb716,1249,3.2189251604393228
34a704ff2fabfc676eadb30782eeb716,1661,3.2183886524842724
34a704ff2fabfc676eadb30782eeb716,1215,3.2162302123748847
34a704ff2fabfc676eadb30782eeb716,2386,3.216056298426533
34a704ff2fabfc676eadb30782eeb716,265,3.216006827270114
34a704ff2fabfc676eadb30782eeb716,3191,3.211143964595961
34a704ff2fabfc676eadb30782eeb716,89,3.2076452481574744
34a704ff2fabfc676eadb30782eeb716,2982,3.206468780161725
34a704ff2fabfc676eadb30782eeb716,345,3.204141233062399
34a704ff2fabfc676eadb30782eeb716,1947,3.2031089511065973
34a704ff2fabfc676eadb30782eeb716,2230,3.2025697986452224
34a704ff2fabfc676eadb30782eeb716,1678,3.201382464547524
34a704ff2fabfc676eadb30782eeb716,1206,3.201270263540056
34a704ff2fabfc676eadb30782eeb716,2133,3.200311583541249
34a704ff2fabfc676eadb30782eeb716,4970,3.199868466859894
34a704ff2fabfc676eadb30782eeb716,948,3.199698387426033
34a704ff2fabfc676eadb30782eeb716,2237,3.198434757712041
34a704ff2fabfc676eadb30782eeb716,4701,3.194798202369685
34a704ff2fabfc676eadb30782eeb716,949,3.192745651309428
34a704ff2fabfc676eadb30782eeb716,1793,3.191504088926424
34a704ff2fabfc676eadb30782eeb716,1143,3.191259704186007
34a704ff2fabfc676eadb30782eeb716,2001,3.1891692354592385
34a704ff2fabfc676eadb30782eeb716,1715,3.188894503111562
34a704ff2fabfc676eadb30782eeb716,1177,3.1887431631130423
34a704ff2fabfc676eadb30782eeb716,671,3.1884906619729865
34a704ff2fabfc676eadb30782eeb716,311,3.187026049455263
34a704ff2fabfc676eadb30782eeb716,297,3.186935932834612
34a704ff2fabfc676eadb30782eeb716,886,3.1862697632306283
7e1b671f2dd7ceb717d4046f7a8b120c,4667,3.3015884245360643
7e1b671f2dd7ceb717d4046f7a8b120c,688,3.3000385934317085
7e1b671f2dd7ceb717d4046f7a8b120c,4649,3.2992274034721407
7e1b671f2dd7ceb717d4046f7a8b120c,969,3.291536916169958
7e1b671f2dd7ceb717d4046f7a8b120c,609,3.2893480192398745
7e1b671f2dd7ceb717d4046f7a8b120c,1646,3.275016225071495
7e1b671f2dd7ceb717d4046f7a8b120c,4707,3.273135348117812
7e1b671f2dd7ceb717d4046f7a8b120c,25,3.265019837499932
7e1b671f2dd7ceb717d4046f7a8b120c,3243,3.253679135488653
7e1b671f2dd7ceb717d4046f7a8b120c,4708,3.250748986309508
7e1b671f2dd7ceb717d4046f7a8b120c,3075,3.2454840915884984
7e1b671f2dd7ceb717d4046f7a8b120c,2393,3.240502733928753
7e1b671f2dd7ceb717d4046f7a8b120c,4852,3.238328060953999
7e1b671f2dd7ceb717d4046f7a8b120c,2443,3.2365514995208287
7e1b671f2dd7ceb717d4046f7a8b120c,1389,3.236147249214743
7e1b671f2dd7ceb717d4046f7a8b120c,87,3.233462040691613
7e1b671f2dd7ceb717d4046f7a8b120c,33,3.231488565918747
7e1b671f2dd7ceb717d4046f7a8b120c,4964,3.2270874058840766
7e1b671f2dd7ceb717d4046f7a8b120c,4993,3.2232311313290305
7e1b671f2dd7ceb717d4046f7a8b120c,2070,3.2227445033401985
7e1b671f2dd7ceb717d4046f7a8b120c,2336,3.219252999931052
7e1b671f2dd7ceb717d4046f7a8b120c,2016,3.218170907731489
7e1b671f2dd7ceb717d4046f7a8b120c,1441,3.217437887374715
7e1b671f2dd7ceb717d4046f7a8b120c,464,3.2168878903442057
7e1b671f2dd7ceb717d4046f7a8b120c,771,3.215309107677846
7e1b671f2dd7ceb717d4046f7a8b120c,2600,3.2131551839129218
7e1b671f2dd7ceb717d4046f7a8b120c,3447,3.212268982570812
7e1b671f2dd7ceb717d4046f7a8b120c,1624,3.2108608839207027
7e1b671f2dd7ceb717d4046f7a8b120c,1038,3.210780929755621
7e1b671f2dd7ceb717d4046f7a8b120c,662,3.210557435884665
7e1b671f2dd7ceb717d4046f7a8b120c,53,3.209920898962904
7e1b671f2dd7ceb717d4046f7a8b120c,162,3.2077150649262967
7e1b671f2dd7ceb717d4046f7a8b120c,1288,3.2066723960406174
7e1b671f2dd7ceb717d4046f7a8b120c,3009,3.205223102683828
7e1b671f2dd7ceb717d4046f7a8b120c,269,3.204120082346491
7e1b671f2dd7ceb717d4046f7a8b120c,699,3.2018151810796387
7e1b671f2dd7ceb717d4046f7a8b120c,2685,3.2000067831405694
7e1b671f2dd7ceb717d4046f7a8b120c,3590,3.1985193660397546
7e1b671f2dd7ceb717d4046f7a8b120c,2145,3.194861453320458
7e1b671f2dd7ceb717d4046f7a8b120c,36,3.194787396425274
7e1b671f2dd7ceb717d4046f7a8b120c,1416,3.193374702995453
7e1b671f2dd7ceb717d4046f7a8b120c,1347,3.19268901146284
7e1b671f2dd7ceb717d4046f7a8b120c,1767,3.1918690981767246
7e1b671f2dd7ceb717d4046f7a8b120c,1193,3.191142719714512
7e1b671f2dd7ceb717d4046f7a8b120c,823,3.190657304525216
7e1b671f2dd7ceb717d4046f7a8b120c,116,3.19005892335472
7e1b671f2dd7ceb717d4046f7a8b120c,1295,3.1876984016341763
7e1b671f2dd7ceb717d4046f7a8b120c,2422,3.182734783581433
7e1b671f2dd7ceb717d4046f7a8b120c,2908,3.181621369731665
7e1b671f2dd7ceb717d4046f7a8b120c,1071,3.180743539514919
9c37979072cc999b3bb572af7a02fc74,2171,3.594283968834626
9c37979072cc999b3bb572af7a02fc74,649,3.536133275181028
9c37979072cc999b3bb572af7a02fc74,1276,3.400653680452104
9c37979072cc999b3bb572af7a02fc74,114,3.370020592754601
9c37979072cc999b3bb572af7a02fc74,659,3.3610879505062203
9c37979072cc999b3bb572af7a02fc74,1217,3.3067733210908967
9c37979072cc999b3bb572af7a02fc74,2182,3.304391513669428
9c37979072cc999b3bb572af7a02fc74,2921,3.297359758178525
9c37979072cc999b3bb572af7a02fc74,4833,3.295585769169028
9c37979072cc999b3bb572af7a02fc74,395,3.293972056361456
9c37979072cc999b3bb572af7a02fc74,1123,3.278285671129864
9c37979072cc999b3bb572af7a02fc74,1404,3.276435780380918
9c37979072cc999b3bb572af7a02fc74,459,3.2723912237198864
9c37979072cc999b3bb572af7a02fc74,115,3.270201956784191
9c37979072cc999b3bb572af7a02fc74,2356,3.2665235450368413
9c37979072cc999b3bb572af7a02fc74,871,3.257883827371942
9c37979072cc999b3bb572af7a02fc74,4731,3.23900277992359
9c37979072cc999b3bb572af7a02fc74,518,3.235716407993987
9c37979072cc999b3bb572af7a02fc74,1898,3.2345863799396626
9c37979072cc999b3bb572af7a02fc74,971,3.234369817621773
9c37979072cc999b3bb572af7a02fc74,203,3.23435133003764
9c37979072cc999b3bb572af7a02fc74,693,3.232909126972136
9c37979072cc999b3bb572af7a02fc74,2142,3.232640837960763
9c37979072cc999b3bb572af7a02fc74,315,3.23212108343424
9c37979072cc999b3bb572af7a02fc74,2911,3.231013075297871
9c37979072cc999b3bb572af7a02fc74,4575,3.230372503908278
9c37979072cc999b3bb572af7a02fc74,2683,3.225723731369838
9c37979072cc999b3bb572af7a02fc74,568,3.224520053513295
9c37979072cc999b3bb572af7a02fc74,25,3.224143113992199
9c37979072cc999b3bb572af7a02fc74,564,3.21789167881603
9c37979072cc999b3bb572af7a02fc74,1889,3.217112344293685
9c37979072cc999b3bb572af7a02fc74,976,3.2165213553453893
9c37979072cc999b3bb572af7a02fc74,3670,3.2157446454243863
9c37979072cc999b3bb572af7a02fc74,479,3.213366618228198
9c37979072cc999b3bb572af7a02fc74,4903,3.211990621209697
9c37979072cc999b3bb572af7a02fc74,2158,3.211636437518944
9c37979072cc999b3bb572af7a02fc74,2449,3.210305475420413
9c37979072cc999b3bb572af7a02fc74,3073,3.207844008598773
9c37979072cc999b3bb572af7a02fc74,1620,3.2056773680450155
9c37979072cc999b3bb572af7a02fc74,781,3.2045219734016186
9c37979072cc999b3bb572af7a02fc74,1336,3.2042862723674266
9c37979072cc999b3bb572af7a02fc74,4744,3.202222079064924
9c37979072cc999b3bb572af7a02fc74,389,3.201695343864679
9c37979072cc999b3bb572af7a02fc74,2450,3.1996988953292824
9c37979072cc999b3bb572af7a02fc74,427,3.199537790682514
9c37979072cc999b3bb572af7a02fc74,1090,3.197240911684432
9c37979072cc999b3bb572af7a02fc74,120,3.197200047108205
9c37979072cc999b3bb572af7a02fc74,1543,3.1916774898374163
9c37979072cc999b3bb572af7a02fc74,1684,3.188680999513838
9c37979072cc999b3bb572af7a02fc74,1185,3.188453670533096
cfed54c41318d9b704a1ec1b884218b1,4621,3.5700306767088845
cfed54c41318d9b704a1ec1b884218b1,87,3.281655408294851
cfed54c41318d9b704a1ec1b884218b1,1755,3.2324576389791755
cfed54c41318d9b704a1ec1b884218b1,124,3.210200981598447
cfed54c41318d9b704a1ec1b884218b1,4637,3.2044835520345463
cfed54c41318d9b704a1ec1b884218b1,982,3.199419958323474
cfed54c41318d9b704a1ec1b884218b1,268,3.176364421205929
cfed54c41318d9b704a1ec1b884218b1,3057,3.165363649780456
cfed54c41318d9b704a1ec1b884218b1,632,3.1648235437193826
cfed54c41318d9b704a1ec1b884218b1,970,3.1620184618050646
cfed54c41318d9b704a1ec1b884218b1,1096,3.1616729714927305
cfed54c41318d9b704a1ec1b884218b1,667,3.1590978976374884
cfed54c41318d9b704a1ec1b884218b1,782,3.1576231482912105
cfed54c41318d9b704a1ec1b884218b1,1767,3.1569667639342924
cfed54c41318d9b704a1ec1b884218b1,1032,3.1561255472024725
cfed54c41318d9b704a1ec1b884218b1,1265,3.1490063927946506
cfed54c41318d9b704a1ec1b884218b1,2408,3.148257717835818
cfed54c41318d9b704a1ec1b884218b1,2941,3.14564282580145
cfed54c41318d9b704a1ec1b884218b1,1801,3.14110027837415
cfed54c41318d9b704a1ec1b884218b1,1525,3.1393300573744742
cfed54c41318d9b704a1ec1b884218b1,528,3.138422212431292
cfed54c41318d9b704a1ec1b884218b1,504,3.1379156667833845
cfed54c41318d9b704a1ec1b884218b1,424,3.137299299185937
cfed54c41318d9b704a1ec1b884218b1,681,3.13649917550955
cfed54c41318d9b704a1ec1b884218b1,2214,3.132781574944838
cfed54c41318d9b704a1ec1b884218b1,162,3.132306966827123
cfed54c41318d9b704a1ec1b884218b1,406,3.1319471118108235
cfed54c41318d9b704a1ec1b884218b1,4873,3.1314298111230143
cfed54c41318d9b704a1ec1b884218b1,13,3.1312074043033578
cfed54c41318d9b704a1ec1b884218b1,1020,3.129402818915052
cfed54c41318d9b704a1ec1b884218b1,4012,3.1292880108782266
cfed54c41318d9b704a1ec1b884218b1,4015,3.1291961845041296
cfed54c41318d9b704a1ec1b884218b1,1850,3.129047949952364
cfed54c41318d9b704a1ec1b884218b1,413,3.128298108113363
cfed54c41318d9b704a1ec1b884218b1,3693,3.126130061246255
cfed54c41318d9b704a1ec1b884218b1,2490,3.121949235079082
cfed54c41318d9b704a1ec1b884218b1,864,3.1214022307958014
cfed54c41318d9b704a1ec1b884218b1,205,3.1211056493946594
cfed54c41318d9b704a1ec1b884218b1,2162,3.118930094069769
cfed54c41318d9b704a1ec1b884218b1,4781,3.115680258943464
cfed54c41318d9b704a1ec1b884218b1,925,3.115457861031295
cfed54c41318d9b704a1ec1b884218b1,966,3.114018015939092
cfed54c41318d9b704a1ec1b884218b1,911,3.113520893185691
cfed54c41318d9b704a1ec1b884218b1,1112,3.1126639730825287
cfed54c41318d9b704a1ec1b884218b1,1840,3.1125219529318704
cfed54c41318d9b704a1ec1b884218b1,3960,3.112347263473739
cfed54c41318d9b704a1ec1b884218b1,1410,3.1117293740110865
cfed54c41318d9b704a1ec1b884218b1,7,3.110005387182355
cfed54c41318d9b704a1ec1b884218b1,1401,3.1084772913424352
cfed54c41318d9b704a1ec1b884218b1,1808,3.1084738393775715
ee236ee01ee63dc8d9375594ed1230ff,1874,3.371262432071921
ee236ee01ee63dc8d9375594ed1230ff,2430,3.33389620287631
ee236ee01ee63dc8d9375594ed1230ff,1748,3.325631675785244
ee236ee01ee63dc8d9375594ed1230ff,1446,3.313900404649808
ee236ee01ee63dc8d9375594ed1230ff,3155,3.311051547328955
ee236ee01ee63dc8d9375594ed1230ff,2140,3.305668265648252
ee236ee01ee63dc8d9375594ed1230ff,1637,3.298035450036693
ee236ee01ee63dc8d9375594ed1230ff,1686,3.2942116331718534
ee236ee01ee63dc8d9375594ed1230ff,2187,3.287007338924112
ee236ee01ee63dc8d9375594ed1230ff,410,3.2850138655739367
ee236ee01ee63dc8d9375594ed1230ff,3534,3.281835000649299
ee236ee01ee63dc8d9375594ed1230ff,876,3.2810923523744893
ee236ee01ee63dc8d9375594ed1230ff,4585,3.280498757665477
ee236ee01ee63dc8d9375594ed1230ff,2666,3.2802376085524423
ee236ee01ee63dc8d9375594ed1230ff,2378,3.277948825840636
ee236ee01ee63dc8d9375594ed1230ff,843,3.2771082543702126
ee236ee01ee63dc8d9375594ed1230ff,1939,3.271602174720581
ee236ee01ee63dc8d9375594ed1230ff,855,3.266794614775192
ee236ee01ee63dc8d9375594ed1230ff,4754,3.2662974689649777
ee236ee01ee63dc8d9375594ed1230ff,2922,3.2646898483178326
ee236ee01ee63dc8d9375594ed1230ff,3626,3.2644304071371137
ee236ee01ee63dc8d9375594ed1230ff,4734,3.264028667371361
ee236ee01ee63dc8d9375594ed1230ff,2128,3.260003718583482
ee236ee01ee63dc8d9375594ed1230ff,1956,3.256335846354325
ee236ee01ee63dc8d9375594ed1230ff,1822,3.254809789191507
ee236ee01ee63dc8d9375594ed1230ff,1472,3.252896268447948
ee236ee01ee63dc8d9375594ed1230ff,851,3.252777670928924
ee236ee01ee63dc8d9375594ed1230ff,1407,3.25258231296533
ee236ee01ee63dc8d9375594ed1230ff,820,3.2520603331117712
ee236ee01ee63dc8d9375594ed1230ff,267,3.2519858640972
ee236ee01ee63dc8d9375594ed1230ff,4817,3.247030518501706
ee236ee01ee63dc8d9375594ed1230ff,3624,3.2463267988889624
ee236ee01ee63dc8d9375594ed1230ff,3279,3.2451170529701034
ee236ee01ee63dc8d9375594ed1230ff,902,3.2450338558333733
ee236ee01ee63dc8d9375594ed1230ff,759,3.244928161483398
ee236ee01ee63dc8d9375594ed1230ff,1836,3.2419978493092394
ee236ee01ee63dc8d9375594ed1230ff,906,3.2388049215801336
ee236ee01ee63dc8d9375594ed1230ff,2263,3.236274109388841
ee236ee01ee63dc8d9375594ed1230ff,2560,3.235827591012965
ee236ee01ee63dc8d9375594ed1230ff,246,3.2348577580323274
ee236ee01ee63dc8d9375594ed1230ff,822,3.23308264711934
ee236ee01ee63dc8d9375594ed1230ff,718,3.232724460482479
ee236ee01ee63dc8d9375594ed1230ff,729,3.2324192967404604
ee236ee01ee63dc8d9375594ed1230ff,2722,3.231881581991996
ee236ee01ee63dc8d9375594ed1230ff,1609,3.230276579369266
ee236ee01ee63dc8d9375594ed1230ff,2458,3.2278996298693863
ee236ee01ee63dc8d9375594ed1230ff,1076,3.227289034778211
ee236ee01ee63dc8d9375594ed1230ff,2964,3.226309016019248
ee236ee01ee63dc8d9375594ed1230ff,2327,3.225574969580612
ee236ee01ee63dc8d9375594ed1230ff,4609,3.22471183421236
6be0fc6d398b58e837e9ed93a6342a46,147,3.5528969391751177
6be0fc6d398b58e837e9ed93a6342a46,929,3.322127115474723
6be0fc6d398b58e837e9ed93a6342a46,441,3.3183354120079698
6be0fc6d398b58e837e9ed93a6342a46,947,3.275992430392633
6be0fc6d398b58e837e9ed93a6342a46,1578,3.275235685093416
6be0fc6d398b58e837e9ed93a6342a46,543,3.2648752755671446
6be0fc6d398b58e837e9ed93a6342a46,1194,3.2283490605696
6be0fc6d398b58e837e9ed93a6342a46,1010,3.2236539306292906
6be0fc6d398b58e837e9ed93a6342a46,1767,3.215701957702243
6be0fc6d398b58e837e9ed93a6342a46,890,3.19926626825376
6be0fc6d398b58e837e9ed93a6342a46,1364,3.1926393230827625
6be0fc6d398b58e837e9ed93a6342a46,764,3.192229146635259
6be0fc6d398b58e837e9ed93a6342a46,969,3.19147597385162
6be0fc6d398b58e837e9ed93a6342a46,2492,3.18577117134228
6be0fc6d398b58e837e9ed93a6342a46,1521,3.182050734125568
6be0fc6d398b58e837e9ed93a6342a46,89,3.177691941948826
6be0fc6d398b58e837e9ed93a6342a46,2925,3.176847454286408
6be0fc6d398b58e837e9ed93a6342a46,2571,3.1767254546356853
6be0fc6d398b58e837e9ed93a6342a46,3010,3.174427763199692
6be0fc6d398b58e837e9ed93a6342a46,2285,3.173253247829112
6be0fc6d398b58e837e9ed93a6342a46,1234,3.17162540635725
6be0fc6d398b58e837e9ed93a6342a46,626,3.168011999688068
6be0fc6d398b58e837e9ed93a6342a46,507,3.167720039960621
6be0fc6d398b58e837e9ed93a6342a46,3913,3.16632153523144
6be0fc6d398b58e837e9ed93a6342a46,1720,3.165998049098865
6be0fc6d398b58e837e9ed93a6342a46,142,3.1631086293798725
6be0fc6d398b58e837e9ed93a6342a46,2418,3.1628088782970583
6be0fc6d398b58e837e9ed93a6342a46,1877,3.1610831866633635
6be0fc6d398b58e837e9ed93a6342a46,684,3.159577852040127
6be0fc6d398b58e837e9ed93a6342a46,2062,3.156024539836344
6be0fc6d398b58e837e9ed93a6342a46,2103,3.155357253872954
6be0fc6d398b58e837e9ed93a6342a46,574,3.1551433209897004
6be0fc6d398b58e837e9ed93a6342a46,1385,3.1533981654328893
6be0fc6d398b58e837e9ed93a6342a46,2589,3.1533639910088995
6be0fc6d398b58e837e9ed93a6342a46,452,3.1531468146425548
6be0fc6d398b58e837e9ed93a6342a46,680,3.152317738656482
6be0fc6d398b58e837e9ed93a6342a46,4627,3.151568392015922
6be0fc6d398b58e837e9ed93a6342a46,2667,3.1504738438152216
6be0fc6d398b58e837e9ed93a6342a46,156,3.148912881393521
6be0fc6d398b58e837e9ed93a6342a46,1712,3.146788469600861
6be0fc6d398b58e837e9ed93a6342a46,1107,3.1439920400952603
6be0fc6d398b58e837e9ed93a6342a46,171,3.143911488748664
6be0fc6d398b58e837e9ed93a6342a46,1717,3.1428833388114987
6be0fc6d398b58e837e9ed93a6342a46,2006,3.1407243359645576
6be0fc6d398b58e837e9ed93a6342a46,113,3.1398000231502645
6be0fc6d398b58e837e9ed93a6342a46,2068,3.1371262582477306
6be0fc6d398b58e837e9ed93a6342a46,240,3.1368660582827745
6be0fc6d398b58e837e9ed93a6342a46,916,3.136382326501186
6be0fc6d398b58e837e9ed93a6342a46,4595,3.1347749413361625
6be0fc6d398b58e837e9ed93a6342a46,4829,3.1338374691089226
1f8d7f75657255cb3a626ba299c5fb9d,1859,3.675849642635495
1f8d7f75657255cb3a626ba299c5fb9d,1978,3.5356118827966223
1f8d7f75657255cb3a626ba299c5fb9d,3182,3.4823074145074564
1f8d7f75657255cb3a626ba299c5fb9d,1520,3.478523862435108
1f8d7f75657255cb3a626ba299c5fb9d,1953,3.459709929353217
1f8d7f75657255cb3a626ba299c5fb9d,2424,3.4474949979685925
1f8d7f75657255cb3a626ba299c5fb9d,179,3.4458558576881364
1f8d7f75657255cb3a626ba299c5fb9d,3738,3.433899137537356
1f8d7f75657255cb3a626ba299c5fb9d,706,3.433769658314687
1f8d7f75657255cb3a626ba299c5fb9d,343,3.4320785579008235
1f8d7f75657255cb3a626ba299c5fb9d,1799,3.4224797916540703
1f8d7f75657255cb3a626ba299c5fb9d,4582,3.418918180607764
1f8d7f75657255cb3a626ba299c5fb9d,2210,3.410781493410158
1f8d7f75657255cb3a626ba299c5fb9d,691,3.3934225163296894
1f8d7f75657255cb3a626ba299c5fb9d,2090,3.390704490884506
1f8d7f75657255cb3a626ba299c5fb9d,19,3.3899036398199187
1f8d7f75657255cb3a626ba299c5fb9d,4595,3.38744966223383
1f8d7f75657255cb3a626ba299c5fb9d,2921,3.3861605878933023
1f8d7f75657255cb3a626ba299c5fb9d,1489,3.380322447488979
1f8d7f75657255cb3a626ba299c5fb9d,2571,3.3795742699507016
1f8d7f75657255cb3a626ba299c5fb9d,410,3.378519452975771
1f8d7f75657255cb3a626ba299c5fb9d,977,3.3777310867095625
1f8d7f75657255cb3a626ba299c5fb9d,1778,3.3766722294593854
1f8d7f75657255cb3a626ba299c5fb9d,4822,3.376063632101692
1f8d7f75657255cb3a626ba299c5fb9d,1107,3.375782904362264
1f8d7f75657255cb3a626ba299c5fb9d,1197,3.3743746422666394
1f8d7f75657255cb3a626ba299c5fb9d,4805,3.3737445067422858
1f8d7f75657255cb3a626ba299c5fb9d,2784,3.3718324450548423
1f8d7f75657255cb3a626ba299c5fb9d,4680,3.3716407179941386
1f8d7f75657255cb3a626ba299c5fb9d,974,3.371057221144124
1f8d7f75657255cb3a626ba299c5fb9d,2025,3.3695245759510057
1f8d7f75657255cb3a626ba299c5fb9d,3300,3.367598228581778
1f8d7f75657255cb3a626ba299c5fb9d,1609,3.3641405841143435
1f8d7f75657255cb3a626ba299c5fb9d,2605,3.3637231120206024
1f8d7f75657255cb3a626ba299c5fb9d,1318,3.361488457482226
1f8d7f75657255cb3a626ba299c5fb9d,2740,3.359296142381365
1f8d7f75657255cb3a626ba299c5fb9d,2147,3.358844459371116
1f8d7f75657255cb3a626ba299c5fb9d,1626,3.356660907349182
1f8d7f75657255cb3a626ba299c5fb9d,233,3.353684816040745
1f8d7f75657255cb3a626ba299c5fb9d,1032,3.3505323722189524
1f8d7f75657255cb3a626ba299c5fb9d,2422,3.3497671175104387
1f8d7f75657255cb3a626ba299c5fb9d,980,3.3474220957009395
1f8d7f75657255cb3a626ba299c5fb9d,3791,3.347369044233248
1f8d7f75657255cb3a626ba299c5fb9d,3659,3.3435052433617027
1f8d7f75657255cb3a626ba299c5fb9d,3140,3.3429288895815654
1f8d7f75657255cb3a626ba299c5fb9d,1565,3.3412238985765392
1f8d7f75657255cb3a626ba299c5fb9d,1686,3.338109919917822
1f8d7f75657255cb3a626ba299c5fb9d,4598,3.3378312677506545
1f8d7f75657255cb3a626ba299c5fb9d,1712,3.337517844372848
1f8d7f75657255cb3a626ba299c5fb9d,1712,3.337517844372848
